Date,City,Year of Occurrence,Month of Occurrence,Crime_Count,MA3,Delta,Trend_Slope
2020-01-01,Agra,2020,1,11,,,-0.0011544011544012667
2020-02-01,Agra,2020,2,7,,-4.0,-0.0011544011544012667
2020-03-01,Agra,2020,3,19,12.333333333333334,12.0,-0.0011544011544012667
2020-04-01,Agra,2020,4,9,11.666666666666666,-10.0,-0.0011544011544012667
2020-05-01,Agra,2020,5,20,16.0,11.0,-0.0011544011544012667
2020-06-01,Agra,2020,6,12,13.666666666666666,-8.0,-0.0011544011544012667
2020-07-01,Agra,2020,7,14,15.333333333333334,2.0,-0.0011544011544012667
2020-08-01,Agra,2020,8,23,16.333333333333332,9.0,-0.0011544011544012667
2020-09-01,Agra,2020,9,14,17.0,-9.0,-0.0011544011544012667
2020-10-01,Agra,2020,10,16,17.666666666666668,2.0,-0.0011544011544012667
2020-11-01,Agra,2020,11,21,17.0,5.0,-0.0011544011544012667
2020-12-01,Agra,2020,12,12,16.333333333333332,-9.0,-0.0011544011544012667
2021-01-01,Agra,2021,1,8,13.666666666666666,-4.0,-0.0011544011544012667
2021-02-01,Agra,2021,2,15,11.666666666666666,7.0,-0.0011544011544012667
2021-03-01,Agra,2021,3,9,10.666666666666666,-6.0,-0.0011544011544012667
2021-04-01,Agra,2021,4,22,15.333333333333334,13.0,-0.0011544011544012667
2021-05-01,Agra,2021,5,19,16.666666666666668,-3.0,-0.0011544011544012667
2021-06-01,Agra,2021,6,12,17.666666666666668,-7.0,-0.0011544011544012667
2021-07-01,Agra,2021,7,9,13.333333333333334,-3.0,-0.0011544011544012667
2021-08-01,Agra,2021,8,9,10.0,0.0,-0.0011544011544012667
2021-09-01,Agra,2021,9,11,9.666666666666666,2.0,-0.0011544011544012667
2021-10-01,Agra,2021,10,15,11.666666666666666,4.0,-0.0011544011544012667
2021-11-01,Agra,2021,11,15,13.666666666666666,0.0,-0.0011544011544012667
2021-12-01,Agra,2021,12,11,13.666666666666666,-4.0,-0.0011544011544012667
2022-01-01,Agra,2022,1,12,12.666666666666666,1.0,-0.0011544011544012667
2022-02-01,Agra,2022,2,14,12.333333333333334,2.0,-0.0011544011544012667
2022-03-01,Agra,2022,3,14,13.333333333333334,0.0,-0.0011544011544012667
2022-04-01,Agra,2022,4,14,14.0,0.0,-0.0011544011544012667
2022-05-01,Agra,2022,5,17,15.0,3.0,-0.0011544011544012667
2022-06-01,Agra,2022,6,11,14.0,-6.0,-0.0011544011544012667
2022-07-01,Agra,2022,7,17,15.0,6.0,-0.0011544011544012667
2022-08-01,Agra,2022,8,14,14.0,-3.0,-0.0011544011544012667
2022-09-01,Agra,2022,9,13,14.666666666666666,-1.0,-0.0011544011544012667
2022-10-01,Agra,2022,10,11,12.666666666666666,-2.0,-0.0011544011544012667
2022-11-01,Agra,2022,11,13,12.333333333333334,2.0,-0.0011544011544012667
2022-12-01,Agra,2022,12,16,13.333333333333334,3.0,-0.0011544011544012667
2023-01-01,Agra,2023,1,15,14.666666666666666,-1.0,-0.0011544011544012667
2023-02-01,Agra,2023,2,17,16.0,2.0,-0.0011544011544012667
2023-03-01,Agra,2023,3,10,14.0,-7.0,-0.0011544011544012667
2023-04-01,Agra,2023,4,9,12.0,-1.0,-0.0011544011544012667
2023-05-01,Agra,2023,5,14,11.0,5.0,-0.0011544011544012667
2023-06-01,Agra,2023,6,14,12.333333333333334,0.0,-0.0011544011544012667
2023-07-01,Agra,2023,7,16,14.666666666666666,2.0,-0.0011544011544012667
2023-08-01,Agra,2023,8,21,17.0,5.0,-0.0011544011544012667
2023-09-01,Agra,2023,9,14,17.0,-7.0,-0.0011544011544012667
2023-10-01,Agra,2023,10,13,16.0,-1.0,-0.0011544011544012667
2023-11-01,Agra,2023,11,14,13.666666666666666,1.0,-0.0011544011544012667
2023-12-01,Agra,2023,12,5,10.666666666666666,-9.0,-0.0011544011544012667
2024-01-01,Agra,2024,1,12,10.333333333333334,7.0,-0.0011544011544012667
2024-02-01,Agra,2024,2,18,11.666666666666666,6.0,-0.0011544011544012667
2024-03-01,Agra,2024,3,14,14.666666666666666,-4.0,-0.0011544011544012667
2024-04-01,Agra,2024,4,14,15.333333333333334,0.0,-0.0011544011544012667
2024-05-01,Agra,2024,5,13,13.666666666666666,-1.0,-0.0011544011544012667
2024-06-01,Agra,2024,6,14,13.666666666666666,1.0,-0.0011544011544012667
2024-07-01,Agra,2024,7,18,15.0,4.0,-0.0011544011544012667
2020-01-01,Ahmedabad,2020,1,34,,,-0.06226551226551261
2020-02-01,Ahmedabad,2020,2,33,,-1.0,-0.06226551226551261
2020-03-01,Ahmedabad,2020,3,35,34.0,2.0,-0.06226551226551261
2020-04-01,Ahmedabad,2020,4,26,31.333333333333332,-9.0,-0.06226551226551261
2020-05-01,Ahmedabad,2020,5,39,33.333333333333336,13.0,-0.06226551226551261
2020-06-01,Ahmedabad,2020,6,40,35.0,1.0,-0.06226551226551261
2020-07-01,Ahmedabad,2020,7,34,37.666666666666664,-6.0,-0.06226551226551261
2020-08-01,Ahmedabad,2020,8,40,38.0,6.0,-0.06226551226551261
2020-09-01,Ahmedabad,2020,9,36,36.666666666666664,-4.0,-0.06226551226551261
2020-10-01,Ahmedabad,2020,10,30,35.333333333333336,-6.0,-0.06226551226551261
2020-11-01,Ahmedabad,2020,11,32,32.666666666666664,2.0,-0.06226551226551261
2020-12-01,Ahmedabad,2020,12,32,31.333333333333332,0.0,-0.06226551226551261
2021-01-01,Ahmedabad,2021,1,33,32.333333333333336,1.0,-0.06226551226551261
2021-02-01,Ahmedabad,2021,2,37,34.0,4.0,-0.06226551226551261
2021-03-01,Ahmedabad,2021,3,37,35.666666666666664,0.0,-0.06226551226551261
2021-04-01,Ahmedabad,2021,4,25,33.0,-12.0,-0.06226551226551261
2021-05-01,Ahmedabad,2021,5,36,32.666666666666664,11.0,-0.06226551226551261
2021-06-01,Ahmedabad,2021,6,28,29.666666666666668,-8.0,-0.06226551226551261
2021-07-01,Ahmedabad,2021,7,33,32.333333333333336,5.0,-0.06226551226551261
2021-08-01,Ahmedabad,2021,8,40,33.666666666666664,7.0,-0.06226551226551261
2021-09-01,Ahmedabad,2021,9,35,36.0,-5.0,-0.06226551226551261
2021-10-01,Ahmedabad,2021,10,39,38.0,4.0,-0.06226551226551261
2021-11-01,Ahmedabad,2021,11,36,36.666666666666664,-3.0,-0.06226551226551261
2021-12-01,Ahmedabad,2021,12,43,39.333333333333336,7.0,-0.06226551226551261
2022-01-01,Ahmedabad,2022,1,27,35.333333333333336,-16.0,-0.06226551226551261
2022-02-01,Ahmedabad,2022,2,25,31.666666666666668,-2.0,-0.06226551226551261
2022-03-01,Ahmedabad,2022,3,41,31.0,16.0,-0.06226551226551261
2022-04-01,Ahmedabad,2022,4,30,32.0,-11.0,-0.06226551226551261
2022-05-01,Ahmedabad,2022,5,22,31.0,-8.0,-0.06226551226551261
2022-06-01,Ahmedabad,2022,6,35,29.0,13.0,-0.06226551226551261
2022-07-01,Ahmedabad,2022,7,24,27.0,-11.0,-0.06226551226551261
2022-08-01,Ahmedabad,2022,8,26,28.333333333333332,2.0,-0.06226551226551261
2022-09-01,Ahmedabad,2022,9,34,28.0,8.0,-0.06226551226551261
2022-10-01,Ahmedabad,2022,10,38,32.666666666666664,4.0,-0.06226551226551261
2022-11-01,Ahmedabad,2022,11,24,32.0,-14.0,-0.06226551226551261
2022-12-01,Ahmedabad,2022,12,39,33.666666666666664,15.0,-0.06226551226551261
2023-01-01,Ahmedabad,2023,1,37,33.333333333333336,-2.0,-0.06226551226551261
2023-02-01,Ahmedabad,2023,2,29,35.0,-8.0,-0.06226551226551261
2023-03-01,Ahmedabad,2023,3,43,36.333333333333336,14.0,-0.06226551226551261
2023-04-01,Ahmedabad,2023,4,37,36.333333333333336,-6.0,-0.06226551226551261
2023-05-01,Ahmedabad,2023,5,32,37.333333333333336,-5.0,-0.06226551226551261
2023-06-01,Ahmedabad,2023,6,41,36.666666666666664,9.0,-0.06226551226551261
2023-07-01,Ahmedabad,2023,7,30,34.333333333333336,-11.0,-0.06226551226551261
2023-08-01,Ahmedabad,2023,8,27,32.666666666666664,-3.0,-0.06226551226551261
2023-09-01,Ahmedabad,2023,9,38,31.666666666666668,11.0,-0.06226551226551261
2023-10-01,Ahmedabad,2023,10,28,31.0,-10.0,-0.06226551226551261
2023-11-01,Ahmedabad,2023,11,32,32.666666666666664,4.0,-0.06226551226551261
2023-12-01,Ahmedabad,2023,12,28,29.333333333333332,-4.0,-0.06226551226551261
2024-01-01,Ahmedabad,2024,1,36,32.0,8.0,-0.06226551226551261
2024-02-01,Ahmedabad,2024,2,31,31.666666666666668,-5.0,-0.06226551226551261
2024-03-01,Ahmedabad,2024,3,24,30.333333333333332,-7.0,-0.06226551226551261
2024-04-01,Ahmedabad,2024,4,31,28.666666666666668,7.0,-0.06226551226551261
2024-05-01,Ahmedabad,2024,5,31,28.666666666666668,0.0,-0.06226551226551261
2024-06-01,Ahmedabad,2024,6,40,34.0,9.0,-0.06226551226551261
2024-07-01,Ahmedabad,2024,7,24,31.666666666666668,-16.0,-0.06226551226551261
2020-01-01,Bangalore,2020,1,63,,,0.013924963924963039
2020-02-01,Bangalore,2020,2,59,,-4.0,0.013924963924963039
2020-03-01,Bangalore,2020,3,68,63.333333333333336,9.0,0.013924963924963039
2020-04-01,Bangalore,2020,4,53,60.0,-15.0,0.013924963924963039
2020-05-01,Bangalore,2020,5,67,62.666666666666664,14.0,0.013924963924963039
2020-06-01,Bangalore,2020,6,80,66.66666666666667,13.0,0.013924963924963039
2020-07-01,Bangalore,2020,7,73,73.33333333333333,-7.0,0.013924963924963039
2020-08-01,Bangalore,2020,8,60,71.0,-13.0,0.013924963924963039
2020-09-01,Bangalore,2020,9,62,65.0,2.0,0.013924963924963039
2020-10-01,Bangalore,2020,10,66,62.666666666666664,4.0,0.013924963924963039
2020-11-01,Bangalore,2020,11,68,65.33333333333333,2.0,0.013924963924963039
2020-12-01,Bangalore,2020,12,56,63.333333333333336,-12.0,0.013924963924963039
2021-01-01,Bangalore,2021,1,61,61.666666666666664,5.0,0.013924963924963039
2021-02-01,Bangalore,2021,2,71,62.666666666666664,10.0,0.013924963924963039
2021-03-01,Bangalore,2021,3,67,66.33333333333333,-4.0,0.013924963924963039
2021-04-01,Bangalore,2021,4,58,65.33333333333333,-9.0,0.013924963924963039
2021-05-01,Bangalore,2021,5,60,61.666666666666664,2.0,0.013924963924963039
2021-06-01,Bangalore,2021,6,73,63.666666666666664,13.0,0.013924963924963039
2021-07-01,Bangalore,2021,7,66,66.33333333333333,-7.0,0.013924963924963039
2021-08-01,Bangalore,2021,8,65,68.0,-1.0,0.013924963924963039
2021-09-01,Bangalore,2021,9,58,63.0,-7.0,0.013924963924963039
2021-10-01,Bangalore,2021,10,71,64.66666666666667,13.0,0.013924963924963039
2021-11-01,Bangalore,2021,11,79,69.33333333333333,8.0,0.013924963924963039
2021-12-01,Bangalore,2021,12,61,70.33333333333333,-18.0,0.013924963924963039
2022-01-01,Bangalore,2022,1,59,66.33333333333333,-2.0,0.013924963924963039
2022-02-01,Bangalore,2022,2,60,60.0,1.0,0.013924963924963039
2022-03-01,Bangalore,2022,3,75,64.66666666666667,15.0,0.013924963924963039
2022-04-01,Bangalore,2022,4,81,72.0,6.0,0.013924963924963039
2022-05-01,Bangalore,2022,5,60,72.0,-21.0,0.013924963924963039
2022-06-01,Bangalore,2022,6,59,66.66666666666667,-1.0,0.013924963924963039
2022-07-01,Bangalore,2022,7,62,60.333333333333336,3.0,0.013924963924963039
2022-08-01,Bangalore,2022,8,70,63.666666666666664,8.0,0.013924963924963039
2022-09-01,Bangalore,2022,9,56,62.666666666666664,-14.0,0.013924963924963039
2022-10-01,Bangalore,2022,10,61,62.333333333333336,5.0,0.013924963924963039
2022-11-01,Bangalore,2022,11,72,63.0,11.0,0.013924963924963039
2022-12-01,Bangalore,2022,12,74,69.0,2.0,0.013924963924963039
2023-01-01,Bangalore,2023,1,67,71.0,-7.0,0.013924963924963039
2023-02-01,Bangalore,2023,2,53,64.66666666666667,-14.0,0.013924963924963039
2023-03-01,Bangalore,2023,3,65,61.666666666666664,12.0,0.013924963924963039
2023-04-01,Bangalore,2023,4,62,60.0,-3.0,0.013924963924963039
2023-05-01,Bangalore,2023,5,57,61.333333333333336,-5.0,0.013924963924963039
2023-06-01,Bangalore,2023,6,82,67.0,25.0,0.013924963924963039
2023-07-01,Bangalore,2023,7,65,68.0,-17.0,0.013924963924963039
2023-08-01,Bangalore,2023,8,62,69.66666666666667,-3.0,0.013924963924963039
2023-09-01,Bangalore,2023,9,63,63.333333333333336,1.0,0.013924963924963039
2023-10-01,Bangalore,2023,10,70,65.0,7.0,0.013924963924963039
2023-11-01,Bangalore,2023,11,68,67.0,-2.0,0.013924963924963039
2023-12-01,Bangalore,2023,12,68,68.66666666666667,0.0,0.013924963924963039
2024-01-01,Bangalore,2024,1,73,69.66666666666667,5.0,0.013924963924963039
2024-02-01,Bangalore,2024,2,57,66.0,-16.0,0.013924963924963039
2024-03-01,Bangalore,2024,3,63,64.33333333333333,6.0,0.013924963924963039
2024-04-01,Bangalore,2024,4,65,61.666666666666664,2.0,0.013924963924963039
2024-05-01,Bangalore,2024,5,61,63.0,-4.0,0.013924963924963039
2024-06-01,Bangalore,2024,6,54,60.0,-7.0,0.013924963924963039
2024-07-01,Bangalore,2024,7,79,64.66666666666667,25.0,0.013924963924963039
2020-01-01,Bhopal,2020,1,10,,,0.027272727272727046
2020-02-01,Bhopal,2020,2,19,,9.0,0.027272727272727046
2020-03-01,Bhopal,2020,3,15,14.666666666666666,-4.0,0.027272727272727046
2020-04-01,Bhopal,2020,4,15,16.333333333333332,0.0,0.027272727272727046
2020-05-01,Bhopal,2020,5,13,14.333333333333334,-2.0,0.027272727272727046
2020-06-01,Bhopal,2020,6,10,12.666666666666666,-3.0,0.027272727272727046
2020-07-01,Bhopal,2020,7,10,11.0,0.0,0.027272727272727046
2020-08-01,Bhopal,2020,8,14,11.333333333333334,4.0,0.027272727272727046
2020-09-01,Bhopal,2020,9,14,12.666666666666666,0.0,0.027272727272727046
2020-10-01,Bhopal,2020,10,8,12.0,-6.0,0.027272727272727046
2020-11-01,Bhopal,2020,11,9,10.333333333333334,1.0,0.027272727272727046
2020-12-01,Bhopal,2020,12,15,10.666666666666666,6.0,0.027272727272727046
2021-01-01,Bhopal,2021,1,11,11.666666666666666,-4.0,0.027272727272727046
2021-02-01,Bhopal,2021,2,5,10.333333333333334,-6.0,0.027272727272727046
2021-03-01,Bhopal,2021,3,13,9.666666666666666,8.0,0.027272727272727046
2021-04-01,Bhopal,2021,4,12,10.0,-1.0,0.027272727272727046
2021-05-01,Bhopal,2021,5,12,12.333333333333334,0.0,0.027272727272727046
2021-06-01,Bhopal,2021,6,17,13.666666666666666,5.0,0.027272727272727046
2021-07-01,Bhopal,2021,7,8,12.333333333333334,-9.0,0.027272727272727046
2021-08-01,Bhopal,2021,8,14,13.0,6.0,0.027272727272727046
2021-09-01,Bhopal,2021,9,15,12.333333333333334,1.0,0.027272727272727046
2021-10-01,Bhopal,2021,10,11,13.333333333333334,-4.0,0.027272727272727046
2021-11-01,Bhopal,2021,11,15,13.666666666666666,4.0,0.027272727272727046
2021-12-01,Bhopal,2021,12,15,13.666666666666666,0.0,0.027272727272727046
2022-01-01,Bhopal,2022,1,9,13.0,-6.0,0.027272727272727046
2022-02-01,Bhopal,2022,2,9,11.0,0.0,0.027272727272727046
2022-03-01,Bhopal,2022,3,16,11.333333333333334,7.0,0.027272727272727046
2022-04-01,Bhopal,2022,4,7,10.666666666666666,-9.0,0.027272727272727046
2022-05-01,Bhopal,2022,5,17,13.333333333333334,10.0,0.027272727272727046
2022-06-01,Bhopal,2022,6,7,10.333333333333334,-10.0,0.027272727272727046
2022-07-01,Bhopal,2022,7,14,12.666666666666666,7.0,0.027272727272727046
2022-08-01,Bhopal,2022,8,10,10.333333333333334,-4.0,0.027272727272727046
2022-09-01,Bhopal,2022,9,13,12.333333333333334,3.0,0.027272727272727046
2022-10-01,Bhopal,2022,10,8,10.333333333333334,-5.0,0.027272727272727046
2022-11-01,Bhopal,2022,11,11,10.666666666666666,3.0,0.027272727272727046
2022-12-01,Bhopal,2022,12,6,8.333333333333334,-5.0,0.027272727272727046
2023-01-01,Bhopal,2023,1,13,10.0,7.0,0.027272727272727046
2023-02-01,Bhopal,2023,2,11,10.0,-2.0,0.027272727272727046
2023-03-01,Bhopal,2023,3,11,11.666666666666666,0.0,0.027272727272727046
2023-04-01,Bhopal,2023,4,18,13.333333333333334,7.0,0.027272727272727046
2023-05-01,Bhopal,2023,5,12,13.666666666666666,-6.0,0.027272727272727046
2023-06-01,Bhopal,2023,6,15,15.0,3.0,0.027272727272727046
2023-07-01,Bhopal,2023,7,16,14.333333333333334,1.0,0.027272727272727046
2023-08-01,Bhopal,2023,8,11,14.0,-5.0,0.027272727272727046
2023-09-01,Bhopal,2023,9,12,13.0,1.0,0.027272727272727046
2023-10-01,Bhopal,2023,10,17,13.333333333333334,5.0,0.027272727272727046
2023-11-01,Bhopal,2023,11,12,13.666666666666666,-5.0,0.027272727272727046
2023-12-01,Bhopal,2023,12,19,16.0,7.0,0.027272727272727046
2024-01-01,Bhopal,2024,1,14,15.0,-5.0,0.027272727272727046
2024-02-01,Bhopal,2024,2,18,17.0,4.0,0.027272727272727046
2024-03-01,Bhopal,2024,3,19,17.0,1.0,0.027272727272727046
2024-04-01,Bhopal,2024,4,9,15.333333333333334,-10.0,0.027272727272727046
2024-05-01,Bhopal,2024,5,14,14.0,5.0,0.027272727272727046
2024-06-01,Bhopal,2024,6,12,11.666666666666666,-2.0,0.027272727272727046
2024-07-01,Bhopal,2024,7,10,12.0,-2.0,0.027272727272727046
2020-01-01,Chennai,2020,1,53,,,-0.006277056277056779
2020-02-01,Chennai,2020,2,31,,-22.0,-0.006277056277056779
2020-03-01,Chennai,2020,3,45,43.0,14.0,-0.006277056277056779
2020-04-01,Chennai,2020,4,52,42.666666666666664,7.0,-0.006277056277056779
2020-05-01,Chennai,2020,5,34,43.666666666666664,-18.0,-0.006277056277056779
2020-06-01,Chennai,2020,6,37,41.0,3.0,-0.006277056277056779
2020-07-01,Chennai,2020,7,52,41.0,15.0,-0.006277056277056779
2020-08-01,Chennai,2020,8,47,45.333333333333336,-5.0,-0.006277056277056779
2020-09-01,Chennai,2020,9,50,49.666666666666664,3.0,-0.006277056277056779
2020-10-01,Chennai,2020,10,42,46.333333333333336,-8.0,-0.006277056277056779
2020-11-01,Chennai,2020,11,38,43.333333333333336,-4.0,-0.006277056277056779
2020-12-01,Chennai,2020,12,42,40.666666666666664,4.0,-0.006277056277056779
2021-01-01,Chennai,2021,1,47,42.333333333333336,5.0,-0.006277056277056779
2021-02-01,Chennai,2021,2,38,42.333333333333336,-9.0,-0.006277056277056779
2021-03-01,Chennai,2021,3,55,46.666666666666664,17.0,-0.006277056277056779
2021-04-01,Chennai,2021,4,56,49.666666666666664,1.0,-0.006277056277056779
2021-05-01,Chennai,2021,5,44,51.666666666666664,-12.0,-0.006277056277056779
2021-06-01,Chennai,2021,6,33,44.333333333333336,-11.0,-0.006277056277056779
2021-07-01,Chennai,2021,7,58,45.0,25.0,-0.006277056277056779
2021-08-01,Chennai,2021,8,54,48.333333333333336,-4.0,-0.006277056277056779
2021-09-01,Chennai,2021,9,37,49.666666666666664,-17.0,-0.006277056277056779
2021-10-01,Chennai,2021,10,46,45.666666666666664,9.0,-0.006277056277056779
2021-11-01,Chennai,2021,11,45,42.666666666666664,-1.0,-0.006277056277056779
2021-12-01,Chennai,2021,12,40,43.666666666666664,-5.0,-0.006277056277056779
2022-01-01,Chennai,2022,1,47,44.0,7.0,-0.006277056277056779
2022-02-01,Chennai,2022,2,42,43.0,-5.0,-0.006277056277056779
2022-03-01,Chennai,2022,3,42,43.666666666666664,0.0,-0.006277056277056779
2022-04-01,Chennai,2022,4,48,44.0,6.0,-0.006277056277056779
2022-05-01,Chennai,2022,5,40,43.333333333333336,-8.0,-0.006277056277056779
2022-06-01,Chennai,2022,6,53,47.0,13.0,-0.006277056277056779
2022-07-01,Chennai,2022,7,53,48.666666666666664,0.0,-0.006277056277056779
2022-08-01,Chennai,2022,8,45,50.333333333333336,-8.0,-0.006277056277056779
2022-09-01,Chennai,2022,9,40,46.0,-5.0,-0.006277056277056779
2022-10-01,Chennai,2022,10,51,45.333333333333336,11.0,-0.006277056277056779
2022-11-01,Chennai,2022,11,62,51.0,11.0,-0.006277056277056779
2022-12-01,Chennai,2022,12,56,56.333333333333336,-6.0,-0.006277056277056779
2023-01-01,Chennai,2023,1,49,55.666666666666664,-7.0,-0.006277056277056779
2023-02-01,Chennai,2023,2,46,50.333333333333336,-3.0,-0.006277056277056779
2023-03-01,Chennai,2023,3,40,45.0,-6.0,-0.006277056277056779
2023-04-01,Chennai,2023,4,47,44.333333333333336,7.0,-0.006277056277056779
2023-05-01,Chennai,2023,5,55,47.333333333333336,8.0,-0.006277056277056779
2023-06-01,Chennai,2023,6,38,46.666666666666664,-17.0,-0.006277056277056779
2023-07-01,Chennai,2023,7,49,47.333333333333336,11.0,-0.006277056277056779
2023-08-01,Chennai,2023,8,41,42.666666666666664,-8.0,-0.006277056277056779
2023-09-01,Chennai,2023,9,48,46.0,7.0,-0.006277056277056779
2023-10-01,Chennai,2023,10,48,45.666666666666664,0.0,-0.006277056277056779
2023-11-01,Chennai,2023,11,45,47.0,-3.0,-0.006277056277056779
2023-12-01,Chennai,2023,12,45,46.0,0.0,-0.006277056277056779
2024-01-01,Chennai,2024,1,38,42.666666666666664,-7.0,-0.006277056277056779
2024-02-01,Chennai,2024,2,44,42.333333333333336,6.0,-0.006277056277056779
2024-03-01,Chennai,2024,3,43,41.666666666666664,-1.0,-0.006277056277056779
2024-04-01,Chennai,2024,4,33,40.0,-10.0,-0.006277056277056779
2024-05-01,Chennai,2024,5,44,40.0,11.0,-0.006277056277056779
2024-06-01,Chennai,2024,6,39,38.666666666666664,-5.0,-0.006277056277056779
2024-07-01,Chennai,2024,7,46,43.0,7.0,-0.006277056277056779
2020-01-01,Delhi,2020,1,94,,,-0.052669552669554344
2020-02-01,Delhi,2020,2,77,,-17.0,-0.052669552669554344
2020-03-01,Delhi,2020,3,120,97.0,43.0,-0.052669552669554344
2020-04-01,Delhi,2020,4,107,101.33333333333333,-13.0,-0.052669552669554344
2020-05-01,Delhi,2020,5,112,113.0,5.0,-0.052669552669554344
2020-06-01,Delhi,2020,6,82,100.33333333333333,-30.0,-0.052669552669554344
2020-07-01,Delhi,2020,7,105,99.66666666666667,23.0,-0.052669552669554344
2020-08-01,Delhi,2020,8,96,94.33333333333333,-9.0,-0.052669552669554344
2020-09-01,Delhi,2020,9,99,100.0,3.0,-0.052669552669554344
2020-10-01,Delhi,2020,10,107,100.66666666666667,8.0,-0.052669552669554344
2020-11-01,Delhi,2020,11,91,99.0,-16.0,-0.052669552669554344
2020-12-01,Delhi,2020,12,98,98.66666666666667,7.0,-0.052669552669554344
2021-01-01,Delhi,2021,1,98,95.66666666666667,0.0,-0.052669552669554344
2021-02-01,Delhi,2021,2,95,97.0,-3.0,-0.052669552669554344
2021-03-01,Delhi,2021,3,101,98.0,6.0,-0.052669552669554344
2021-04-01,Delhi,2021,4,105,100.33333333333333,4.0,-0.052669552669554344
2021-05-01,Delhi,2021,5,102,102.66666666666667,-3.0,-0.052669552669554344
2021-06-01,Delhi,2021,6,94,100.33333333333333,-8.0,-0.052669552669554344
2021-07-01,Delhi,2021,7,92,96.0,-2.0,-0.052669552669554344
2021-08-01,Delhi,2021,8,108,98.0,16.0,-0.052669552669554344
2021-09-01,Delhi,2021,9,96,98.66666666666667,-12.0,-0.052669552669554344
2021-10-01,Delhi,2021,10,94,99.33333333333333,-2.0,-0.052669552669554344
2021-11-01,Delhi,2021,11,101,97.0,7.0,-0.052669552669554344
2021-12-01,Delhi,2021,12,112,102.33333333333333,11.0,-0.052669552669554344
2022-01-01,Delhi,2022,1,103,105.33333333333333,-9.0,-0.052669552669554344
2022-02-01,Delhi,2022,2,101,105.33333333333333,-2.0,-0.052669552669554344
2022-03-01,Delhi,2022,3,87,97.0,-14.0,-0.052669552669554344
2022-04-01,Delhi,2022,4,100,96.0,13.0,-0.052669552669554344
2022-05-01,Delhi,2022,5,109,98.66666666666667,9.0,-0.052669552669554344
2022-06-01,Delhi,2022,6,95,101.33333333333333,-14.0,-0.052669552669554344
2022-07-01,Delhi,2022,7,115,106.33333333333333,20.0,-0.052669552669554344
2022-08-01,Delhi,2022,8,112,107.33333333333333,-3.0,-0.052669552669554344
2022-09-01,Delhi,2022,9,96,107.66666666666667,-16.0,-0.052669552669554344
2022-10-01,Delhi,2022,10,97,101.66666666666667,1.0,-0.052669552669554344
2022-11-01,Delhi,2022,11,94,95.66666666666667,-3.0,-0.052669552669554344
2022-12-01,Delhi,2022,12,99,96.66666666666667,5.0,-0.052669552669554344
2023-01-01,Delhi,2023,1,82,91.66666666666667,-17.0,-0.052669552669554344
2023-02-01,Delhi,2023,2,75,85.33333333333333,-7.0,-0.052669552669554344
2023-03-01,Delhi,2023,3,98,85.0,23.0,-0.052669552669554344
2023-04-01,Delhi,2023,4,89,87.33333333333333,-9.0,-0.052669552669554344
2023-05-01,Delhi,2023,5,96,94.33333333333333,7.0,-0.052669552669554344
2023-06-01,Delhi,2023,6,93,92.66666666666667,-3.0,-0.052669552669554344
2023-07-01,Delhi,2023,7,102,97.0,9.0,-0.052669552669554344
2023-08-01,Delhi,2023,8,100,98.33333333333333,-2.0,-0.052669552669554344
2023-09-01,Delhi,2023,9,73,91.66666666666667,-27.0,-0.052669552669554344
2023-10-01,Delhi,2023,10,93,88.66666666666667,20.0,-0.052669552669554344
2023-11-01,Delhi,2023,11,102,89.33333333333333,9.0,-0.052669552669554344
2023-12-01,Delhi,2023,12,82,92.33333333333333,-20.0,-0.052669552669554344
2024-01-01,Delhi,2024,1,101,95.0,19.0,-0.052669552669554344
2024-02-01,Delhi,2024,2,98,93.66666666666667,-3.0,-0.052669552669554344
2024-03-01,Delhi,2024,3,114,104.33333333333333,16.0,-0.052669552669554344
2024-04-01,Delhi,2024,4,99,103.66666666666667,-15.0,-0.052669552669554344
2024-05-01,Delhi,2024,5,105,106.0,6.0,-0.052669552669554344
2024-06-01,Delhi,2024,6,100,101.33333333333333,-5.0,-0.052669552669554344
2024-07-01,Delhi,2024,7,104,103.0,4.0,-0.052669552669554344
2020-01-01,Faridabad,2020,1,2,,,0.019624819624819555
2020-02-01,Faridabad,2020,2,8,,6.0,0.019624819624819555
2020-03-01,Faridabad,2020,3,6,5.333333333333333,-2.0,0.019624819624819555
2020-04-01,Faridabad,2020,4,4,6.0,-2.0,0.019624819624819555
2020-05-01,Faridabad,2020,5,5,5.0,1.0,0.019624819624819555
2020-06-01,Faridabad,2020,6,5,4.666666666666667,0.0,0.019624819624819555
2020-07-01,Faridabad,2020,7,5,5.0,0.0,0.019624819624819555
2020-08-01,Faridabad,2020,8,10,6.666666666666667,5.0,0.019624819624819555
2020-09-01,Faridabad,2020,9,7,7.333333333333333,-3.0,0.019624819624819555
2020-10-01,Faridabad,2020,10,9,8.666666666666666,2.0,0.019624819624819555
2020-11-01,Faridabad,2020,11,8,8.0,-1.0,0.019624819624819555
2020-12-01,Faridabad,2020,12,5,7.333333333333333,-3.0,0.019624819624819555
2021-01-01,Faridabad,2021,1,9,7.333333333333333,4.0,0.019624819624819555
2021-02-01,Faridabad,2021,2,4,6.0,-5.0,0.019624819624819555
2021-03-01,Faridabad,2021,3,9,7.333333333333333,5.0,0.019624819624819555
2021-04-01,Faridabad,2021,4,3,5.333333333333333,-6.0,0.019624819624819555
2021-05-01,Faridabad,2021,5,6,6.0,3.0,0.019624819624819555
2021-06-01,Faridabad,2021,6,7,5.333333333333333,1.0,0.019624819624819555
2021-07-01,Faridabad,2021,7,8,7.0,1.0,0.019624819624819555
2021-08-01,Faridabad,2021,8,5,6.666666666666667,-3.0,0.019624819624819555
2021-09-01,Faridabad,2021,9,5,6.0,0.0,0.019624819624819555
2021-10-01,Faridabad,2021,10,5,5.0,0.0,0.019624819624819555
2021-11-01,Faridabad,2021,11,8,6.0,3.0,0.019624819624819555
2021-12-01,Faridabad,2021,12,4,5.666666666666667,-4.0,0.019624819624819555
2022-01-01,Faridabad,2022,1,6,6.0,2.0,0.019624819624819555
2022-02-01,Faridabad,2022,2,7,5.666666666666667,1.0,0.019624819624819555
2022-03-01,Faridabad,2022,3,10,7.666666666666667,3.0,0.019624819624819555
2022-04-01,Faridabad,2022,4,6,7.666666666666667,-4.0,0.019624819624819555
2022-05-01,Faridabad,2022,5,6,7.333333333333333,0.0,0.019624819624819555
2022-06-01,Faridabad,2022,6,11,7.666666666666667,5.0,0.019624819624819555
2022-07-01,Faridabad,2022,7,3,6.666666666666667,-8.0,0.019624819624819555
2022-08-01,Faridabad,2022,8,4,6.0,1.0,0.019624819624819555
2022-09-01,Faridabad,2022,9,7,4.666666666666667,3.0,0.019624819624819555
2022-10-01,Faridabad,2022,10,5,5.333333333333333,-2.0,0.019624819624819555
2022-11-01,Faridabad,2022,11,6,6.0,1.0,0.019624819624819555
2022-12-01,Faridabad,2022,12,6,5.666666666666667,0.0,0.019624819624819555
2023-01-01,Faridabad,2023,1,5,5.666666666666667,-1.0,0.019624819624819555
2023-02-01,Faridabad,2023,2,5,5.333333333333333,0.0,0.019624819624819555
2023-03-01,Faridabad,2023,3,5,5.0,0.0,0.019624819624819555
2023-04-01,Faridabad,2023,4,9,6.333333333333333,4.0,0.019624819624819555
2023-05-01,Faridabad,2023,5,7,7.0,-2.0,0.019624819624819555
2023-06-01,Faridabad,2023,6,10,8.666666666666666,3.0,0.019624819624819555
2023-07-01,Faridabad,2023,7,4,7.0,-6.0,0.019624819624819555
2023-08-01,Faridabad,2023,8,9,7.666666666666667,5.0,0.019624819624819555
2023-09-01,Faridabad,2023,9,9,7.333333333333333,0.0,0.019624819624819555
2023-10-01,Faridabad,2023,10,4,7.333333333333333,-5.0,0.019624819624819555
2023-11-01,Faridabad,2023,11,8,7.0,4.0,0.019624819624819555
2023-12-01,Faridabad,2023,12,4,5.333333333333333,-4.0,0.019624819624819555
2024-01-01,Faridabad,2024,1,6,6.0,2.0,0.019624819624819555
2024-02-01,Faridabad,2024,2,10,6.666666666666667,4.0,0.019624819624819555
2024-03-01,Faridabad,2024,3,5,7.0,-5.0,0.019624819624819555
2024-04-01,Faridabad,2024,4,11,8.666666666666666,6.0,0.019624819624819555
2024-05-01,Faridabad,2024,5,7,7.666666666666667,-4.0,0.019624819624819555
2024-06-01,Faridabad,2024,6,6,8.0,-1.0,0.019624819624819555
2024-07-01,Faridabad,2024,7,6,6.333333333333333,0.0,0.019624819624819555
2020-01-01,Ghaziabad,2020,1,19,,,-0.004834054834055012
2020-02-01,Ghaziabad,2020,2,19,,0.0,-0.004834054834055012
2020-03-01,Ghaziabad,2020,3,9,15.666666666666666,-10.0,-0.004834054834055012
2020-04-01,Ghaziabad,2020,4,7,11.666666666666666,-2.0,-0.004834054834055012
2020-05-01,Ghaziabad,2020,5,13,9.666666666666666,6.0,-0.004834054834055012
2020-06-01,Ghaziabad,2020,6,10,10.0,-3.0,-0.004834054834055012
2020-07-01,Ghaziabad,2020,7,11,11.333333333333334,1.0,-0.004834054834055012
2020-08-01,Ghaziabad,2020,8,10,10.333333333333334,-1.0,-0.004834054834055012
2020-09-01,Ghaziabad,2020,9,8,9.666666666666666,-2.0,-0.004834054834055012
2020-10-01,Ghaziabad,2020,10,17,11.666666666666666,9.0,-0.004834054834055012
2020-11-01,Ghaziabad,2020,11,17,14.0,0.0,-0.004834054834055012
2020-12-01,Ghaziabad,2020,12,19,17.666666666666668,2.0,-0.004834054834055012
2021-01-01,Ghaziabad,2021,1,18,18.0,-1.0,-0.004834054834055012
2021-02-01,Ghaziabad,2021,2,9,15.333333333333334,-9.0,-0.004834054834055012
2021-03-01,Ghaziabad,2021,3,11,12.666666666666666,2.0,-0.004834054834055012
2021-04-01,Ghaziabad,2021,4,11,10.333333333333334,0.0,-0.004834054834055012
2021-05-01,Ghaziabad,2021,5,10,10.666666666666666,-1.0,-0.004834054834055012
2021-06-01,Ghaziabad,2021,6,14,11.666666666666666,4.0,-0.004834054834055012
2021-07-01,Ghaziabad,2021,7,11,11.666666666666666,-3.0,-0.004834054834055012
2021-08-01,Ghaziabad,2021,8,13,12.666666666666666,2.0,-0.004834054834055012
2021-09-01,Ghaziabad,2021,9,23,15.666666666666666,10.0,-0.004834054834055012
2021-10-01,Ghaziabad,2021,10,11,15.666666666666666,-12.0,-0.004834054834055012
2021-11-01,Ghaziabad,2021,11,13,15.666666666666666,2.0,-0.004834054834055012
2021-12-01,Ghaziabad,2021,12,11,11.666666666666666,-2.0,-0.004834054834055012
2022-01-01,Ghaziabad,2022,1,11,11.666666666666666,0.0,-0.004834054834055012
2022-02-01,Ghaziabad,2022,2,12,11.333333333333334,1.0,-0.004834054834055012
2022-03-01,Ghaziabad,2022,3,7,10.0,-5.0,-0.004834054834055012
2022-04-01,Ghaziabad,2022,4,9,9.333333333333334,2.0,-0.004834054834055012
2022-05-01,Ghaziabad,2022,5,11,9.0,2.0,-0.004834054834055012
2022-06-01,Ghaziabad,2022,6,10,10.0,-1.0,-0.004834054834055012
2022-07-01,Ghaziabad,2022,7,16,12.333333333333334,6.0,-0.004834054834055012
2022-08-01,Ghaziabad,2022,8,13,13.0,-3.0,-0.004834054834055012
2022-09-01,Ghaziabad,2022,9,9,12.666666666666666,-4.0,-0.004834054834055012
2022-10-01,Ghaziabad,2022,10,12,11.333333333333334,3.0,-0.004834054834055012
2022-11-01,Ghaziabad,2022,11,17,12.666666666666666,5.0,-0.004834054834055012
2022-12-01,Ghaziabad,2022,12,16,15.0,-1.0,-0.004834054834055012
2023-01-01,Ghaziabad,2023,1,16,16.333333333333332,0.0,-0.004834054834055012
2023-02-01,Ghaziabad,2023,2,12,14.666666666666666,-4.0,-0.004834054834055012
2023-03-01,Ghaziabad,2023,3,13,13.666666666666666,1.0,-0.004834054834055012
2023-04-01,Ghaziabad,2023,4,8,11.0,-5.0,-0.004834054834055012
2023-05-01,Ghaziabad,2023,5,12,11.0,4.0,-0.004834054834055012
2023-06-01,Ghaziabad,2023,6,15,11.666666666666666,3.0,-0.004834054834055012
2023-07-01,Ghaziabad,2023,7,14,13.666666666666666,-1.0,-0.004834054834055012
2023-08-01,Ghaziabad,2023,8,20,16.333333333333332,6.0,-0.004834054834055012
2023-09-01,Ghaziabad,2023,9,12,15.333333333333334,-8.0,-0.004834054834055012
2023-10-01,Ghaziabad,2023,10,17,16.333333333333332,5.0,-0.004834054834055012
2023-11-01,Ghaziabad,2023,11,13,14.0,-4.0,-0.004834054834055012
2023-12-01,Ghaziabad,2023,12,13,14.333333333333334,0.0,-0.004834054834055012
2024-01-01,Ghaziabad,2024,1,13,13.0,0.0,-0.004834054834055012
2024-02-01,Ghaziabad,2024,2,11,12.333333333333334,-2.0,-0.004834054834055012
2024-03-01,Ghaziabad,2024,3,15,13.0,4.0,-0.004834054834055012
2024-04-01,Ghaziabad,2024,4,17,14.333333333333334,2.0,-0.004834054834055012
2024-05-01,Ghaziabad,2024,5,8,13.333333333333334,-9.0,-0.004834054834055012
2024-06-01,Ghaziabad,2024,6,7,10.666666666666666,-1.0,-0.004834054834055012
2024-07-01,Ghaziabad,2024,7,11,8.666666666666666,4.0,-0.004834054834055012
2020-01-01,Hyderabad,2020,1,44,,,-0.0637806637806645
2020-02-01,Hyderabad,2020,2,54,,10.0,-0.0637806637806645
2020-03-01,Hyderabad,2020,3,61,53.0,7.0,-0.0637806637806645
2020-04-01,Hyderabad,2020,4,40,51.666666666666664,-21.0,-0.0637806637806645
2020-05-01,Hyderabad,2020,5,52,51.0,12.0,-0.0637806637806645
2020-06-01,Hyderabad,2020,6,55,49.0,3.0,-0.0637806637806645
2020-07-01,Hyderabad,2020,7,47,51.333333333333336,-8.0,-0.0637806637806645
2020-08-01,Hyderabad,2020,8,54,52.0,7.0,-0.0637806637806645
2020-09-01,Hyderabad,2020,9,55,52.0,1.0,-0.0637806637806645
2020-10-01,Hyderabad,2020,10,59,56.0,4.0,-0.0637806637806645
2020-11-01,Hyderabad,2020,11,53,55.666666666666664,-6.0,-0.0637806637806645
2020-12-01,Hyderabad,2020,12,58,56.666666666666664,5.0,-0.0637806637806645
2021-01-01,Hyderabad,2021,1,54,55.0,-4.0,-0.0637806637806645
2021-02-01,Hyderabad,2021,2,53,55.0,-1.0,-0.0637806637806645
2021-03-01,Hyderabad,2021,3,67,58.0,14.0,-0.0637806637806645
2021-04-01,Hyderabad,2021,4,46,55.333333333333336,-21.0,-0.0637806637806645
2021-05-01,Hyderabad,2021,5,57,56.666666666666664,11.0,-0.0637806637806645
2021-06-01,Hyderabad,2021,6,49,50.666666666666664,-8.0,-0.0637806637806645
2021-07-01,Hyderabad,2021,7,68,58.0,19.0,-0.0637806637806645
2021-08-01,Hyderabad,2021,8,59,58.666666666666664,-9.0,-0.0637806637806645
2021-09-01,Hyderabad,2021,9,49,58.666666666666664,-10.0,-0.0637806637806645
2021-10-01,Hyderabad,2021,10,66,58.0,17.0,-0.0637806637806645
2021-11-01,Hyderabad,2021,11,43,52.666666666666664,-23.0,-0.0637806637806645
2021-12-01,Hyderabad,2021,12,44,51.0,1.0,-0.0637806637806645
2022-01-01,Hyderabad,2022,1,40,42.333333333333336,-4.0,-0.0637806637806645
2022-02-01,Hyderabad,2022,2,58,47.333333333333336,18.0,-0.0637806637806645
2022-03-01,Hyderabad,2022,3,50,49.333333333333336,-8.0,-0.0637806637806645
2022-04-01,Hyderabad,2022,4,50,52.666666666666664,0.0,-0.0637806637806645
2022-05-01,Hyderabad,2022,5,59,53.0,9.0,-0.0637806637806645
2022-06-01,Hyderabad,2022,6,56,55.0,-3.0,-0.0637806637806645
2022-07-01,Hyderabad,2022,7,45,53.333333333333336,-11.0,-0.0637806637806645
2022-08-01,Hyderabad,2022,8,54,51.666666666666664,9.0,-0.0637806637806645
2022-09-01,Hyderabad,2022,9,42,47.0,-12.0,-0.0637806637806645
2022-10-01,Hyderabad,2022,10,63,53.0,21.0,-0.0637806637806645
2022-11-01,Hyderabad,2022,11,42,49.0,-21.0,-0.0637806637806645
2022-12-01,Hyderabad,2022,12,49,51.333333333333336,7.0,-0.0637806637806645
2023-01-01,Hyderabad,2023,1,52,47.666666666666664,3.0,-0.0637806637806645
2023-02-01,Hyderabad,2023,2,54,51.666666666666664,2.0,-0.0637806637806645
2023-03-01,Hyderabad,2023,3,55,53.666666666666664,1.0,-0.0637806637806645
2023-04-01,Hyderabad,2023,4,61,56.666666666666664,6.0,-0.0637806637806645
2023-05-01,Hyderabad,2023,5,51,55.666666666666664,-10.0,-0.0637806637806645
2023-06-01,Hyderabad,2023,6,55,55.666666666666664,4.0,-0.0637806637806645
2023-07-01,Hyderabad,2023,7,61,55.666666666666664,6.0,-0.0637806637806645
2023-08-01,Hyderabad,2023,8,52,56.0,-9.0,-0.0637806637806645
2023-09-01,Hyderabad,2023,9,54,55.666666666666664,2.0,-0.0637806637806645
2023-10-01,Hyderabad,2023,10,49,51.666666666666664,-5.0,-0.0637806637806645
2023-11-01,Hyderabad,2023,11,56,53.0,7.0,-0.0637806637806645
2023-12-01,Hyderabad,2023,12,62,55.666666666666664,6.0,-0.0637806637806645
2024-01-01,Hyderabad,2024,1,50,56.0,-12.0,-0.0637806637806645
2024-02-01,Hyderabad,2024,2,35,49.0,-15.0,-0.0637806637806645
2024-03-01,Hyderabad,2024,3,51,45.333333333333336,16.0,-0.0637806637806645
2024-04-01,Hyderabad,2024,4,48,44.666666666666664,-3.0,-0.0637806637806645
2024-05-01,Hyderabad,2024,5,55,51.333333333333336,7.0,-0.0637806637806645
2024-06-01,Hyderabad,2024,6,46,49.666666666666664,-9.0,-0.0637806637806645
2024-07-01,Hyderabad,2024,7,39,46.666666666666664,-7.0,-0.0637806637806645
2020-01-01,Indore,2020,1,15,,,-0.03318903318903336
2020-02-01,Indore,2020,2,10,,-5.0,-0.03318903318903336
2020-03-01,Indore,2020,3,4,9.666666666666666,-6.0,-0.03318903318903336
2020-04-01,Indore,2020,4,16,10.0,12.0,-0.03318903318903336
2020-05-01,Indore,2020,5,17,12.333333333333334,1.0,-0.03318903318903336
2020-06-01,Indore,2020,6,17,16.666666666666668,0.0,-0.03318903318903336
2020-07-01,Indore,2020,7,16,16.666666666666668,-1.0,-0.03318903318903336
2020-08-01,Indore,2020,8,21,18.0,5.0,-0.03318903318903336
2020-09-01,Indore,2020,9,7,14.666666666666666,-14.0,-0.03318903318903336
2020-10-01,Indore,2020,10,10,12.666666666666666,3.0,-0.03318903318903336
2020-11-01,Indore,2020,11,13,10.0,3.0,-0.03318903318903336
2020-12-01,Indore,2020,12,18,13.666666666666666,5.0,-0.03318903318903336
2021-01-01,Indore,2021,1,16,15.666666666666666,-2.0,-0.03318903318903336
2021-02-01,Indore,2021,2,16,16.666666666666668,0.0,-0.03318903318903336
2021-03-01,Indore,2021,3,11,14.333333333333334,-5.0,-0.03318903318903336
2021-04-01,Indore,2021,4,14,13.666666666666666,3.0,-0.03318903318903336
2021-05-01,Indore,2021,5,9,11.333333333333334,-5.0,-0.03318903318903336
2021-06-01,Indore,2021,6,14,12.333333333333334,5.0,-0.03318903318903336
2021-07-01,Indore,2021,7,16,13.0,2.0,-0.03318903318903336
2021-08-01,Indore,2021,8,7,12.333333333333334,-9.0,-0.03318903318903336
2021-09-01,Indore,2021,9,19,14.0,12.0,-0.03318903318903336
2021-10-01,Indore,2021,10,13,13.0,-6.0,-0.03318903318903336
2021-11-01,Indore,2021,11,8,13.333333333333334,-5.0,-0.03318903318903336
2021-12-01,Indore,2021,12,12,11.0,4.0,-0.03318903318903336
2022-01-01,Indore,2022,1,18,12.666666666666666,6.0,-0.03318903318903336
2022-02-01,Indore,2022,2,13,14.333333333333334,-5.0,-0.03318903318903336
2022-03-01,Indore,2022,3,9,13.333333333333334,-4.0,-0.03318903318903336
2022-04-01,Indore,2022,4,10,10.666666666666666,1.0,-0.03318903318903336
2022-05-01,Indore,2022,5,9,9.333333333333334,-1.0,-0.03318903318903336
2022-06-01,Indore,2022,6,11,10.0,2.0,-0.03318903318903336
2022-07-01,Indore,2022,7,14,11.333333333333334,3.0,-0.03318903318903336
2022-08-01,Indore,2022,8,15,13.333333333333334,1.0,-0.03318903318903336
2022-09-01,Indore,2022,9,14,14.333333333333334,-1.0,-0.03318903318903336
2022-10-01,Indore,2022,10,18,15.666666666666666,4.0,-0.03318903318903336
2022-11-01,Indore,2022,11,12,14.666666666666666,-6.0,-0.03318903318903336
2022-12-01,Indore,2022,12,11,13.666666666666666,-1.0,-0.03318903318903336
2023-01-01,Indore,2023,1,9,10.666666666666666,-2.0,-0.03318903318903336
2023-02-01,Indore,2023,2,11,10.333333333333334,2.0,-0.03318903318903336
2023-03-01,Indore,2023,3,14,11.333333333333334,3.0,-0.03318903318903336
2023-04-01,Indore,2023,4,10,11.666666666666666,-4.0,-0.03318903318903336
2023-05-01,Indore,2023,5,16,13.333333333333334,6.0,-0.03318903318903336
2023-06-01,Indore,2023,6,11,12.333333333333334,-5.0,-0.03318903318903336
2023-07-01,Indore,2023,7,7,11.333333333333334,-4.0,-0.03318903318903336
2023-08-01,Indore,2023,8,12,10.0,5.0,-0.03318903318903336
2023-09-01,Indore,2023,9,15,11.333333333333334,3.0,-0.03318903318903336
2023-10-01,Indore,2023,10,8,11.666666666666666,-7.0,-0.03318903318903336
2023-11-01,Indore,2023,11,12,11.666666666666666,4.0,-0.03318903318903336
2023-12-01,Indore,2023,12,10,10.0,-2.0,-0.03318903318903336
2024-01-01,Indore,2024,1,13,11.666666666666666,3.0,-0.03318903318903336
2024-02-01,Indore,2024,2,12,11.666666666666666,-1.0,-0.03318903318903336
2024-03-01,Indore,2024,3,9,11.333333333333334,-3.0,-0.03318903318903336
2024-04-01,Indore,2024,4,15,12.0,6.0,-0.03318903318903336
2024-05-01,Indore,2024,5,12,12.0,-3.0,-0.03318903318903336
2024-06-01,Indore,2024,6,14,13.666666666666666,2.0,-0.03318903318903336
2024-07-01,Indore,2024,7,16,14.0,2.0,-0.03318903318903336
2020-01-01,Jaipur,2020,1,32,,,-0.06832611832611869
2020-02-01,Jaipur,2020,2,27,,-5.0,-0.06832611832611869
2020-03-01,Jaipur,2020,3,32,30.333333333333332,5.0,-0.06832611832611869
2020-04-01,Jaipur,2020,4,29,29.333333333333332,-3.0,-0.06832611832611869
2020-05-01,Jaipur,2020,5,25,28.666666666666668,-4.0,-0.06832611832611869
2020-06-01,Jaipur,2020,6,33,29.0,8.0,-0.06832611832611869
2020-07-01,Jaipur,2020,7,24,27.333333333333332,-9.0,-0.06832611832611869
2020-08-01,Jaipur,2020,8,28,28.333333333333332,4.0,-0.06832611832611869
2020-09-01,Jaipur,2020,9,21,24.333333333333332,-7.0,-0.06832611832611869
2020-10-01,Jaipur,2020,10,29,26.0,8.0,-0.06832611832611869
2020-11-01,Jaipur,2020,11,27,25.666666666666668,-2.0,-0.06832611832611869
2020-12-01,Jaipur,2020,12,22,26.0,-5.0,-0.06832611832611869
2021-01-01,Jaipur,2021,1,25,24.666666666666668,3.0,-0.06832611832611869
2021-02-01,Jaipur,2021,2,26,24.333333333333332,1.0,-0.06832611832611869
2021-03-01,Jaipur,2021,3,38,29.666666666666668,12.0,-0.06832611832611869
2021-04-01,Jaipur,2021,4,25,29.666666666666668,-13.0,-0.06832611832611869
2021-05-01,Jaipur,2021,5,27,30.0,2.0,-0.06832611832611869
2021-06-01,Jaipur,2021,6,33,28.333333333333332,6.0,-0.06832611832611869
2021-07-01,Jaipur,2021,7,30,30.0,-3.0,-0.06832611832611869
2021-08-01,Jaipur,2021,8,32,31.666666666666668,2.0,-0.06832611832611869
2021-09-01,Jaipur,2021,9,35,32.333333333333336,3.0,-0.06832611832611869
2021-10-01,Jaipur,2021,10,22,29.666666666666668,-13.0,-0.06832611832611869
2021-11-01,Jaipur,2021,11,30,29.0,8.0,-0.06832611832611869
2021-12-01,Jaipur,2021,12,32,28.0,2.0,-0.06832611832611869
2022-01-01,Jaipur,2022,1,31,31.0,-1.0,-0.06832611832611869
2022-02-01,Jaipur,2022,2,19,27.333333333333332,-12.0,-0.06832611832611869
2022-03-01,Jaipur,2022,3,34,28.0,15.0,-0.06832611832611869
2022-04-01,Jaipur,2022,4,14,22.333333333333332,-20.0,-0.06832611832611869
2022-05-01,Jaipur,2022,5,35,27.666666666666668,21.0,-0.06832611832611869
2022-06-01,Jaipur,2022,6,25,24.666666666666668,-10.0,-0.06832611832611869
2022-07-01,Jaipur,2022,7,28,29.333333333333332,3.0,-0.06832611832611869
2022-08-01,Jaipur,2022,8,28,27.0,0.0,-0.06832611832611869
2022-09-01,Jaipur,2022,9,23,26.333333333333332,-5.0,-0.06832611832611869
2022-10-01,Jaipur,2022,10,25,25.333333333333332,2.0,-0.06832611832611869
2022-11-01,Jaipur,2022,11,23,23.666666666666668,-2.0,-0.06832611832611869
2022-12-01,Jaipur,2022,12,24,24.0,1.0,-0.06832611832611869
2023-01-01,Jaipur,2023,1,21,22.666666666666668,-3.0,-0.06832611832611869
2023-02-01,Jaipur,2023,2,29,24.666666666666668,8.0,-0.06832611832611869
2023-03-01,Jaipur,2023,3,22,24.0,-7.0,-0.06832611832611869
2023-04-01,Jaipur,2023,4,29,26.666666666666668,7.0,-0.06832611832611869
2023-05-01,Jaipur,2023,5,23,24.666666666666668,-6.0,-0.06832611832611869
2023-06-01,Jaipur,2023,6,23,25.0,0.0,-0.06832611832611869
2023-07-01,Jaipur,2023,7,25,23.666666666666668,2.0,-0.06832611832611869
2023-08-01,Jaipur,2023,8,25,24.333333333333332,0.0,-0.06832611832611869
2023-09-01,Jaipur,2023,9,30,26.666666666666668,5.0,-0.06832611832611869
2023-10-01,Jaipur,2023,10,28,27.666666666666668,-2.0,-0.06832611832611869
2023-11-01,Jaipur,2023,11,22,26.666666666666668,-6.0,-0.06832611832611869
2023-12-01,Jaipur,2023,12,22,24.0,0.0,-0.06832611832611869
2024-01-01,Jaipur,2024,1,22,22.0,0.0,-0.06832611832611869
2024-02-01,Jaipur,2024,2,26,23.333333333333332,4.0,-0.06832611832611869
2024-03-01,Jaipur,2024,3,29,25.666666666666668,3.0,-0.06832611832611869
2024-04-01,Jaipur,2024,4,36,30.333333333333332,7.0,-0.06832611832611869
2024-05-01,Jaipur,2024,5,28,31.0,-8.0,-0.06832611832611869
2024-06-01,Jaipur,2024,6,25,29.666666666666668,-3.0,-0.06832611832611869
2024-07-01,Jaipur,2024,7,21,24.666666666666668,-4.0,-0.06832611832611869
2020-01-01,Kalyan,2020,1,7,,,-0.011544011544011617
2020-02-01,Kalyan,2020,2,4,,-3.0,-0.011544011544011617
2020-03-01,Kalyan,2020,3,6,5.666666666666667,2.0,-0.011544011544011617
2020-04-01,Kalyan,2020,4,9,6.333333333333333,3.0,-0.011544011544011617
2020-05-01,Kalyan,2020,5,10,8.333333333333334,1.0,-0.011544011544011617
2020-06-01,Kalyan,2020,6,6,8.333333333333334,-4.0,-0.011544011544011617
2020-07-01,Kalyan,2020,7,6,7.333333333333333,0.0,-0.011544011544011617
2020-08-01,Kalyan,2020,8,6,6.0,0.0,-0.011544011544011617
2020-09-01,Kalyan,2020,9,4,5.333333333333333,-2.0,-0.011544011544011617
2020-10-01,Kalyan,2020,10,9,6.333333333333333,5.0,-0.011544011544011617
2020-11-01,Kalyan,2020,11,4,5.666666666666667,-5.0,-0.011544011544011617
2020-12-01,Kalyan,2020,12,9,7.333333333333333,5.0,-0.011544011544011617
2021-01-01,Kalyan,2021,1,6,6.333333333333333,-3.0,-0.011544011544011617
2021-02-01,Kalyan,2021,2,4,6.333333333333333,-2.0,-0.011544011544011617
2021-03-01,Kalyan,2021,3,4,4.666666666666667,0.0,-0.011544011544011617
2021-04-01,Kalyan,2021,4,5,4.333333333333333,1.0,-0.011544011544011617
2021-05-01,Kalyan,2021,5,8,5.666666666666667,3.0,-0.011544011544011617
2021-06-01,Kalyan,2021,6,7,6.666666666666667,-1.0,-0.011544011544011617
2021-07-01,Kalyan,2021,7,5,6.666666666666667,-2.0,-0.011544011544011617
2021-08-01,Kalyan,2021,8,6,6.0,1.0,-0.011544011544011617
2021-09-01,Kalyan,2021,9,8,6.333333333333333,2.0,-0.011544011544011617
2021-10-01,Kalyan,2021,10,7,7.0,-1.0,-0.011544011544011617
2021-11-01,Kalyan,2021,11,2,5.666666666666667,-5.0,-0.011544011544011617
2021-12-01,Kalyan,2021,12,8,5.666666666666667,6.0,-0.011544011544011617
2022-01-01,Kalyan,2022,1,5,5.0,-3.0,-0.011544011544011617
2022-02-01,Kalyan,2022,2,8,7.0,3.0,-0.011544011544011617
2022-03-01,Kalyan,2022,3,7,6.666666666666667,-1.0,-0.011544011544011617
2022-04-01,Kalyan,2022,4,10,8.333333333333334,3.0,-0.011544011544011617
2022-05-01,Kalyan,2022,5,9,8.666666666666666,-1.0,-0.011544011544011617
2022-06-01,Kalyan,2022,6,11,10.0,2.0,-0.011544011544011617
2022-07-01,Kalyan,2022,7,4,8.0,-7.0,-0.011544011544011617
2022-08-01,Kalyan,2022,8,11,8.666666666666666,7.0,-0.011544011544011617
2022-09-01,Kalyan,2022,9,8,7.666666666666667,-3.0,-0.011544011544011617
2022-10-01,Kalyan,2022,10,10,9.666666666666666,2.0,-0.011544011544011617
2022-11-01,Kalyan,2022,11,7,8.333333333333334,-3.0,-0.011544011544011617
2022-12-01,Kalyan,2022,12,4,7.0,-3.0,-0.011544011544011617
2023-01-01,Kalyan,2023,1,9,6.666666666666667,5.0,-0.011544011544011617
2023-02-01,Kalyan,2023,2,4,5.666666666666667,-5.0,-0.011544011544011617
2023-03-01,Kalyan,2023,3,7,6.666666666666667,3.0,-0.011544011544011617
2023-04-01,Kalyan,2023,4,5,5.333333333333333,-2.0,-0.011544011544011617
2023-05-01,Kalyan,2023,5,9,7.0,4.0,-0.011544011544011617
2023-06-01,Kalyan,2023,6,2,5.333333333333333,-7.0,-0.011544011544011617
2023-07-01,Kalyan,2023,7,5,5.333333333333333,3.0,-0.011544011544011617
2023-08-01,Kalyan,2023,8,3,3.3333333333333335,-2.0,-0.011544011544011617
2023-09-01,Kalyan,2023,9,8,5.333333333333333,5.0,-0.011544011544011617
2023-10-01,Kalyan,2023,10,7,6.0,-1.0,-0.011544011544011617
2023-11-01,Kalyan,2023,11,7,7.333333333333333,0.0,-0.011544011544011617
2023-12-01,Kalyan,2023,12,6,6.666666666666667,-1.0,-0.011544011544011617
2024-01-01,Kalyan,2024,1,6,6.333333333333333,0.0,-0.011544011544011617
2024-02-01,Kalyan,2024,2,5,5.666666666666667,-1.0,-0.011544011544011617
2024-03-01,Kalyan,2024,3,6,5.666666666666667,1.0,-0.011544011544011617
2024-04-01,Kalyan,2024,4,7,6.0,1.0,-0.011544011544011617
2024-05-01,Kalyan,2024,5,5,6.0,-2.0,-0.011544011544011617
2024-06-01,Kalyan,2024,6,2,4.666666666666667,-3.0,-0.011544011544011617
2024-07-01,Kalyan,2024,7,8,5.0,6.0,-0.011544011544011617
2020-01-01,Kanpur,2020,1,19,,,0.00036075036075010304
2020-02-01,Kanpur,2020,2,30,,11.0,0.00036075036075010304
2020-03-01,Kanpur,2020,3,17,22.0,-13.0,0.00036075036075010304
2020-04-01,Kanpur,2020,4,18,21.666666666666668,1.0,0.00036075036075010304
2020-05-01,Kanpur,2020,5,18,17.666666666666668,0.0,0.00036075036075010304
2020-06-01,Kanpur,2020,6,30,22.0,12.0,0.00036075036075010304
2020-07-01,Kanpur,2020,7,13,20.333333333333332,-17.0,0.00036075036075010304
2020-08-01,Kanpur,2020,8,18,20.333333333333332,5.0,0.00036075036075010304
2020-09-01,Kanpur,2020,9,19,16.666666666666668,1.0,0.00036075036075010304
2020-10-01,Kanpur,2020,10,23,20.0,4.0,0.00036075036075010304
2020-11-01,Kanpur,2020,11,23,21.666666666666668,0.0,0.00036075036075010304
2020-12-01,Kanpur,2020,12,15,20.333333333333332,-8.0,0.00036075036075010304
2021-01-01,Kanpur,2021,1,20,19.333333333333332,5.0,0.00036075036075010304
2021-02-01,Kanpur,2021,2,9,14.666666666666666,-11.0,0.00036075036075010304
2021-03-01,Kanpur,2021,3,22,17.0,13.0,0.00036075036075010304
2021-04-01,Kanpur,2021,4,22,17.666666666666668,0.0,0.00036075036075010304
2021-05-01,Kanpur,2021,5,15,19.666666666666668,-7.0,0.00036075036075010304
2021-06-01,Kanpur,2021,6,23,20.0,8.0,0.00036075036075010304
2021-07-01,Kanpur,2021,7,17,18.333333333333332,-6.0,0.00036075036075010304
2021-08-01,Kanpur,2021,8,17,19.0,0.0,0.00036075036075010304
2021-09-01,Kanpur,2021,9,22,18.666666666666668,5.0,0.00036075036075010304
2021-10-01,Kanpur,2021,10,22,20.333333333333332,0.0,0.00036075036075010304
2021-11-01,Kanpur,2021,11,17,20.333333333333332,-5.0,0.00036075036075010304
2021-12-01,Kanpur,2021,12,18,19.0,1.0,0.00036075036075010304
2022-01-01,Kanpur,2022,1,25,20.0,7.0,0.00036075036075010304
2022-02-01,Kanpur,2022,2,23,22.0,-2.0,0.00036075036075010304
2022-03-01,Kanpur,2022,3,21,23.0,-2.0,0.00036075036075010304
2022-04-01,Kanpur,2022,4,17,20.333333333333332,-4.0,0.00036075036075010304
2022-05-01,Kanpur,2022,5,26,21.333333333333332,9.0,0.00036075036075010304
2022-06-01,Kanpur,2022,6,23,22.0,-3.0,0.00036075036075010304
2022-07-01,Kanpur,2022,7,25,24.666666666666668,2.0,0.00036075036075010304
2022-08-01,Kanpur,2022,8,21,23.0,-4.0,0.00036075036075010304
2022-09-01,Kanpur,2022,9,21,22.333333333333332,0.0,0.00036075036075010304
2022-10-01,Kanpur,2022,10,22,21.333333333333332,1.0,0.00036075036075010304
2022-11-01,Kanpur,2022,11,21,21.333333333333332,-1.0,0.00036075036075010304
2022-12-01,Kanpur,2022,12,23,22.0,2.0,0.00036075036075010304
2023-01-01,Kanpur,2023,1,29,24.333333333333332,6.0,0.00036075036075010304
2023-02-01,Kanpur,2023,2,16,22.666666666666668,-13.0,0.00036075036075010304
2023-03-01,Kanpur,2023,3,26,23.666666666666668,10.0,0.00036075036075010304
2023-04-01,Kanpur,2023,4,18,20.0,-8.0,0.00036075036075010304
2023-05-01,Kanpur,2023,5,17,20.333333333333332,-1.0,0.00036075036075010304
2023-06-01,Kanpur,2023,6,24,19.666666666666668,7.0,0.00036075036075010304
2023-07-01,Kanpur,2023,7,14,18.333333333333332,-10.0,0.00036075036075010304
2023-08-01,Kanpur,2023,8,22,20.0,8.0,0.00036075036075010304
2023-09-01,Kanpur,2023,9,14,16.666666666666668,-8.0,0.00036075036075010304
2023-10-01,Kanpur,2023,10,20,18.666666666666668,6.0,0.00036075036075010304
2023-11-01,Kanpur,2023,11,17,17.0,-3.0,0.00036075036075010304
2023-12-01,Kanpur,2023,12,20,19.0,3.0,0.00036075036075010304
2024-01-01,Kanpur,2024,1,22,19.666666666666668,2.0,0.00036075036075010304
2024-02-01,Kanpur,2024,2,19,20.333333333333332,-3.0,0.00036075036075010304
2024-03-01,Kanpur,2024,3,20,20.333333333333332,1.0,0.00036075036075010304
2024-04-01,Kanpur,2024,4,17,18.666666666666668,-3.0,0.00036075036075010304
2024-05-01,Kanpur,2024,5,25,20.666666666666668,8.0,0.00036075036075010304
2024-06-01,Kanpur,2024,6,21,21.0,-4.0,0.00036075036075010304
2024-07-01,Kanpur,2024,7,16,20.666666666666668,-5.0,0.00036075036075010304
2020-01-01,Kolkata,2020,1,49,,,-0.013564213564213985
2020-02-01,Kolkata,2020,2,47,,-2.0,-0.013564213564213985
2020-03-01,Kolkata,2020,3,46,47.333333333333336,-1.0,-0.013564213564213985
2020-04-01,Kolkata,2020,4,52,48.333333333333336,6.0,-0.013564213564213985
2020-05-01,Kolkata,2020,5,40,46.0,-12.0,-0.013564213564213985
2020-06-01,Kolkata,2020,6,47,46.333333333333336,7.0,-0.013564213564213985
2020-07-01,Kolkata,2020,7,45,44.0,-2.0,-0.013564213564213985
2020-08-01,Kolkata,2020,8,41,44.333333333333336,-4.0,-0.013564213564213985
2020-09-01,Kolkata,2020,9,65,50.333333333333336,24.0,-0.013564213564213985
2020-10-01,Kolkata,2020,10,44,50.0,-21.0,-0.013564213564213985
2020-11-01,Kolkata,2020,11,46,51.666666666666664,2.0,-0.013564213564213985
2020-12-01,Kolkata,2020,12,47,45.666666666666664,1.0,-0.013564213564213985
2021-01-01,Kolkata,2021,1,43,45.333333333333336,-4.0,-0.013564213564213985
2021-02-01,Kolkata,2021,2,46,45.333333333333336,3.0,-0.013564213564213985
2021-03-01,Kolkata,2021,3,46,45.0,0.0,-0.013564213564213985
2021-04-01,Kolkata,2021,4,44,45.333333333333336,-2.0,-0.013564213564213985
2021-05-01,Kolkata,2021,5,43,44.333333333333336,-1.0,-0.013564213564213985
2021-06-01,Kolkata,2021,6,44,43.666666666666664,1.0,-0.013564213564213985
2021-07-01,Kolkata,2021,7,37,41.333333333333336,-7.0,-0.013564213564213985
2021-08-01,Kolkata,2021,8,39,40.0,2.0,-0.013564213564213985
2021-09-01,Kolkata,2021,9,49,41.666666666666664,10.0,-0.013564213564213985
2021-10-01,Kolkata,2021,10,40,42.666666666666664,-9.0,-0.013564213564213985
2021-11-01,Kolkata,2021,11,51,46.666666666666664,11.0,-0.013564213564213985
2021-12-01,Kolkata,2021,12,52,47.666666666666664,1.0,-0.013564213564213985
2022-01-01,Kolkata,2022,1,48,50.333333333333336,-4.0,-0.013564213564213985
2022-02-01,Kolkata,2022,2,44,48.0,-4.0,-0.013564213564213985
2022-03-01,Kolkata,2022,3,50,47.333333333333336,6.0,-0.013564213564213985
2022-04-01,Kolkata,2022,4,43,45.666666666666664,-7.0,-0.013564213564213985
2022-05-01,Kolkata,2022,5,47,46.666666666666664,4.0,-0.013564213564213985
2022-06-01,Kolkata,2022,6,44,44.666666666666664,-3.0,-0.013564213564213985
2022-07-01,Kolkata,2022,7,49,46.666666666666664,5.0,-0.013564213564213985
2022-08-01,Kolkata,2022,8,52,48.333333333333336,3.0,-0.013564213564213985
2022-09-01,Kolkata,2022,9,44,48.333333333333336,-8.0,-0.013564213564213985
2022-10-01,Kolkata,2022,10,48,48.0,4.0,-0.013564213564213985
2022-11-01,Kolkata,2022,11,35,42.333333333333336,-13.0,-0.013564213564213985
2022-12-01,Kolkata,2022,12,49,44.0,14.0,-0.013564213564213985
2023-01-01,Kolkata,2023,1,43,42.333333333333336,-6.0,-0.013564213564213985
2023-02-01,Kolkata,2023,2,31,41.0,-12.0,-0.013564213564213985
2023-03-01,Kolkata,2023,3,51,41.666666666666664,20.0,-0.013564213564213985
2023-04-01,Kolkata,2023,4,49,43.666666666666664,-2.0,-0.013564213564213985
2023-05-01,Kolkata,2023,5,48,49.333333333333336,-1.0,-0.013564213564213985
2023-06-01,Kolkata,2023,6,30,42.333333333333336,-18.0,-0.013564213564213985
2023-07-01,Kolkata,2023,7,52,43.333333333333336,22.0,-0.013564213564213985
2023-08-01,Kolkata,2023,8,49,43.666666666666664,-3.0,-0.013564213564213985
2023-09-01,Kolkata,2023,9,49,50.0,0.0,-0.013564213564213985
2023-10-01,Kolkata,2023,10,35,44.333333333333336,-14.0,-0.013564213564213985
2023-11-01,Kolkata,2023,11,42,42.0,7.0,-0.013564213564213985
2023-12-01,Kolkata,2023,12,47,41.333333333333336,5.0,-0.013564213564213985
2024-01-01,Kolkata,2024,1,48,45.666666666666664,1.0,-0.013564213564213985
2024-02-01,Kolkata,2024,2,48,47.666666666666664,0.0,-0.013564213564213985
2024-03-01,Kolkata,2024,3,57,51.0,9.0,-0.013564213564213985
2024-04-01,Kolkata,2024,4,51,52.0,-6.0,-0.013564213564213985
2024-05-01,Kolkata,2024,5,37,48.333333333333336,-14.0,-0.013564213564213985
2024-06-01,Kolkata,2024,6,43,43.666666666666664,6.0,-0.013564213564213985
2024-07-01,Kolkata,2024,7,52,44.0,9.0,-0.013564213564213985
2020-01-01,Lucknow,2020,1,28,,,0.00014430014429972195
2020-02-01,Lucknow,2020,2,25,,-3.0,0.00014430014429972195
2020-03-01,Lucknow,2020,3,19,24.0,-6.0,0.00014430014429972195
2020-04-01,Lucknow,2020,4,32,25.333333333333332,13.0,0.00014430014429972195
2020-05-01,Lucknow,2020,5,27,26.0,-5.0,0.00014430014429972195
2020-06-01,Lucknow,2020,6,23,27.333333333333332,-4.0,0.00014430014429972195
2020-07-01,Lucknow,2020,7,29,26.333333333333332,6.0,0.00014430014429972195
2020-08-01,Lucknow,2020,8,22,24.666666666666668,-7.0,0.00014430014429972195
2020-09-01,Lucknow,2020,9,21,24.0,-1.0,0.00014430014429972195
2020-10-01,Lucknow,2020,10,26,23.0,5.0,0.00014430014429972195
2020-11-01,Lucknow,2020,11,22,23.0,-4.0,0.00014430014429972195
2020-12-01,Lucknow,2020,12,36,28.0,14.0,0.00014430014429972195
2021-01-01,Lucknow,2021,1,42,33.333333333333336,6.0,0.00014430014429972195
2021-02-01,Lucknow,2021,2,14,30.666666666666668,-28.0,0.00014430014429972195
2021-03-01,Lucknow,2021,3,30,28.666666666666668,16.0,0.00014430014429972195
2021-04-01,Lucknow,2021,4,32,25.333333333333332,2.0,0.00014430014429972195
2021-05-01,Lucknow,2021,5,31,31.0,-1.0,0.00014430014429972195
2021-06-01,Lucknow,2021,6,35,32.666666666666664,4.0,0.00014430014429972195
2021-07-01,Lucknow,2021,7,22,29.333333333333332,-13.0,0.00014430014429972195
2021-08-01,Lucknow,2021,8,25,27.333333333333332,3.0,0.00014430014429972195
2021-09-01,Lucknow,2021,9,38,28.333333333333332,13.0,0.00014430014429972195
2021-10-01,Lucknow,2021,10,19,27.333333333333332,-19.0,0.00014430014429972195
2021-11-01,Lucknow,2021,11,23,26.666666666666668,4.0,0.00014430014429972195
2021-12-01,Lucknow,2021,12,23,21.666666666666668,0.0,0.00014430014429972195
2022-01-01,Lucknow,2022,1,34,26.666666666666668,11.0,0.00014430014429972195
2022-02-01,Lucknow,2022,2,18,25.0,-16.0,0.00014430014429972195
2022-03-01,Lucknow,2022,3,29,27.0,11.0,0.00014430014429972195
2022-04-01,Lucknow,2022,4,17,21.333333333333332,-12.0,0.00014430014429972195
2022-05-01,Lucknow,2022,5,26,24.0,9.0,0.00014430014429972195
2022-06-01,Lucknow,2022,6,28,23.666666666666668,2.0,0.00014430014429972195
2022-07-01,Lucknow,2022,7,25,26.333333333333332,-3.0,0.00014430014429972195
2022-08-01,Lucknow,2022,8,20,24.333333333333332,-5.0,0.00014430014429972195
2022-09-01,Lucknow,2022,9,27,24.0,7.0,0.00014430014429972195
2022-10-01,Lucknow,2022,10,23,23.333333333333332,-4.0,0.00014430014429972195
2022-11-01,Lucknow,2022,11,22,24.0,-1.0,0.00014430014429972195
2022-12-01,Lucknow,2022,12,23,22.666666666666668,1.0,0.00014430014429972195
2023-01-01,Lucknow,2023,1,27,24.0,4.0,0.00014430014429972195
2023-02-01,Lucknow,2023,2,33,27.666666666666668,6.0,0.00014430014429972195
2023-03-01,Lucknow,2023,3,27,29.0,-6.0,0.00014430014429972195
2023-04-01,Lucknow,2023,4,23,27.666666666666668,-4.0,0.00014430014429972195
2023-05-01,Lucknow,2023,5,30,26.666666666666668,7.0,0.00014430014429972195
2023-06-01,Lucknow,2023,6,21,24.666666666666668,-9.0,0.00014430014429972195
2023-07-01,Lucknow,2023,7,29,26.666666666666668,8.0,0.00014430014429972195
2023-08-01,Lucknow,2023,8,27,25.666666666666668,-2.0,0.00014430014429972195
2023-09-01,Lucknow,2023,9,31,29.0,4.0,0.00014430014429972195
2023-10-01,Lucknow,2023,10,36,31.333333333333332,5.0,0.00014430014429972195
2023-11-01,Lucknow,2023,11,29,32.0,-7.0,0.00014430014429972195
2023-12-01,Lucknow,2023,12,38,34.333333333333336,9.0,0.00014430014429972195
2024-01-01,Lucknow,2024,1,27,31.333333333333332,-11.0,0.00014430014429972195
2024-02-01,Lucknow,2024,2,22,29.0,-5.0,0.00014430014429972195
2024-03-01,Lucknow,2024,3,22,23.666666666666668,0.0,0.00014430014429972195
2024-04-01,Lucknow,2024,4,27,23.666666666666668,5.0,0.00014430014429972195
2024-05-01,Lucknow,2024,5,20,23.0,-7.0,0.00014430014429972195
2024-06-01,Lucknow,2024,6,26,24.333333333333332,6.0,0.00014430014429972195
2024-07-01,Lucknow,2024,7,25,23.666666666666668,-1.0,0.00014430014429972195
2020-01-01,Ludhiana,2020,1,20,,,0.026046176046175987
2020-02-01,Ludhiana,2020,2,13,,-7.0,0.026046176046175987
2020-03-01,Ludhiana,2020,3,9,14.0,-4.0,0.026046176046175987
2020-04-01,Ludhiana,2020,4,10,10.666666666666666,1.0,0.026046176046175987
2020-05-01,Ludhiana,2020,5,8,9.0,-2.0,0.026046176046175987
2020-06-01,Ludhiana,2020,6,10,9.333333333333334,2.0,0.026046176046175987
2020-07-01,Ludhiana,2020,7,14,10.666666666666666,4.0,0.026046176046175987
2020-08-01,Ludhiana,2020,8,15,13.0,1.0,0.026046176046175987
2020-09-01,Ludhiana,2020,9,18,15.666666666666666,3.0,0.026046176046175987
2020-10-01,Ludhiana,2020,10,13,15.333333333333334,-5.0,0.026046176046175987
2020-11-01,Ludhiana,2020,11,15,15.333333333333334,2.0,0.026046176046175987
2020-12-01,Ludhiana,2020,12,12,13.333333333333334,-3.0,0.026046176046175987
2021-01-01,Ludhiana,2021,1,15,14.0,3.0,0.026046176046175987
2021-02-01,Ludhiana,2021,2,17,14.666666666666666,2.0,0.026046176046175987
2021-03-01,Ludhiana,2021,3,17,16.333333333333332,0.0,0.026046176046175987
2021-04-01,Ludhiana,2021,4,13,15.666666666666666,-4.0,0.026046176046175987
2021-05-01,Ludhiana,2021,5,10,13.333333333333334,-3.0,0.026046176046175987
2021-06-01,Ludhiana,2021,6,21,14.666666666666666,11.0,0.026046176046175987
2021-07-01,Ludhiana,2021,7,9,13.333333333333334,-12.0,0.026046176046175987
2021-08-01,Ludhiana,2021,8,15,15.0,6.0,0.026046176046175987
2021-09-01,Ludhiana,2021,9,11,11.666666666666666,-4.0,0.026046176046175987
2021-10-01,Ludhiana,2021,10,18,14.666666666666666,7.0,0.026046176046175987
2021-11-01,Ludhiana,2021,11,9,12.666666666666666,-9.0,0.026046176046175987
2021-12-01,Ludhiana,2021,12,19,15.333333333333334,10.0,0.026046176046175987
2022-01-01,Ludhiana,2022,1,8,12.0,-11.0,0.026046176046175987
2022-02-01,Ludhiana,2022,2,10,12.333333333333334,2.0,0.026046176046175987
2022-03-01,Ludhiana,2022,3,12,10.0,2.0,0.026046176046175987
2022-04-01,Ludhiana,2022,4,7,9.666666666666666,-5.0,0.026046176046175987
2022-05-01,Ludhiana,2022,5,18,12.333333333333334,11.0,0.026046176046175987
2022-06-01,Ludhiana,2022,6,14,13.0,-4.0,0.026046176046175987
2022-07-01,Ludhiana,2022,7,9,13.666666666666666,-5.0,0.026046176046175987
2022-08-01,Ludhiana,2022,8,12,11.666666666666666,3.0,0.026046176046175987
2022-09-01,Ludhiana,2022,9,14,11.666666666666666,2.0,0.026046176046175987
2022-10-01,Ludhiana,2022,10,19,15.0,5.0,0.026046176046175987
2022-11-01,Ludhiana,2022,11,17,16.666666666666668,-2.0,0.026046176046175987
2022-12-01,Ludhiana,2022,12,17,17.666666666666668,0.0,0.026046176046175987
2023-01-01,Ludhiana,2023,1,17,17.0,0.0,0.026046176046175987
2023-02-01,Ludhiana,2023,2,17,17.0,0.0,0.026046176046175987
2023-03-01,Ludhiana,2023,3,14,16.0,-3.0,0.026046176046175987
2023-04-01,Ludhiana,2023,4,17,16.0,3.0,0.026046176046175987
2023-05-01,Ludhiana,2023,5,16,15.666666666666666,-1.0,0.026046176046175987
2023-06-01,Ludhiana,2023,6,8,13.666666666666666,-8.0,0.026046176046175987
2023-07-01,Ludhiana,2023,7,14,12.666666666666666,6.0,0.026046176046175987
2023-08-01,Ludhiana,2023,8,13,11.666666666666666,-1.0,0.026046176046175987
2023-09-01,Ludhiana,2023,9,17,14.666666666666666,4.0,0.026046176046175987
2023-10-01,Ludhiana,2023,10,11,13.666666666666666,-6.0,0.026046176046175987
2023-11-01,Ludhiana,2023,11,15,14.333333333333334,4.0,0.026046176046175987
2023-12-01,Ludhiana,2023,12,17,14.333333333333334,2.0,0.026046176046175987
2024-01-01,Ludhiana,2024,1,18,16.666666666666668,1.0,0.026046176046175987
2024-02-01,Ludhiana,2024,2,7,14.0,-11.0,0.026046176046175987
2024-03-01,Ludhiana,2024,3,11,12.0,4.0,0.026046176046175987
2024-04-01,Ludhiana,2024,4,12,10.0,1.0,0.026046176046175987
2024-05-01,Ludhiana,2024,5,10,11.0,-2.0,0.026046176046175987
2024-06-01,Ludhiana,2024,6,19,13.666666666666666,9.0,0.026046176046175987
2024-07-01,Ludhiana,2024,7,20,16.333333333333332,1.0,0.026046176046175987
2020-01-01,Meerut,2020,1,14,,,0.009235209235209145
2020-02-01,Meerut,2020,2,7,,-7.0,0.009235209235209145
2020-03-01,Meerut,2020,3,6,9.0,-1.0,0.009235209235209145
2020-04-01,Meerut,2020,4,11,8.0,5.0,0.009235209235209145
2020-05-01,Meerut,2020,5,9,8.666666666666666,-2.0,0.009235209235209145
2020-06-01,Meerut,2020,6,5,8.333333333333334,-4.0,0.009235209235209145
2020-07-01,Meerut,2020,7,11,8.333333333333334,6.0,0.009235209235209145
2020-08-01,Meerut,2020,8,5,7.0,-6.0,0.009235209235209145
2020-09-01,Meerut,2020,9,6,7.333333333333333,1.0,0.009235209235209145
2020-10-01,Meerut,2020,10,7,6.0,1.0,0.009235209235209145
2020-11-01,Meerut,2020,11,12,8.333333333333334,5.0,0.009235209235209145
2020-12-01,Meerut,2020,12,6,8.333333333333334,-6.0,0.009235209235209145
2021-01-01,Meerut,2021,1,5,7.666666666666667,-1.0,0.009235209235209145
2021-02-01,Meerut,2021,2,6,5.666666666666667,1.0,0.009235209235209145
2021-03-01,Meerut,2021,3,3,4.666666666666667,-3.0,0.009235209235209145
2021-04-01,Meerut,2021,4,10,6.333333333333333,7.0,0.009235209235209145
2021-05-01,Meerut,2021,5,2,5.0,-8.0,0.009235209235209145
2021-06-01,Meerut,2021,6,4,5.333333333333333,2.0,0.009235209235209145
2021-07-01,Meerut,2021,7,4,3.3333333333333335,0.0,0.009235209235209145
2021-08-01,Meerut,2021,8,6,4.666666666666667,2.0,0.009235209235209145
2021-09-01,Meerut,2021,9,6,5.333333333333333,0.0,0.009235209235209145
2021-10-01,Meerut,2021,10,7,6.333333333333333,1.0,0.009235209235209145
2021-11-01,Meerut,2021,11,7,6.666666666666667,0.0,0.009235209235209145
2021-12-01,Meerut,2021,12,3,5.666666666666667,-4.0,0.009235209235209145
2022-01-01,Meerut,2022,1,7,5.666666666666667,4.0,0.009235209235209145
2022-02-01,Meerut,2022,2,6,5.333333333333333,-1.0,0.009235209235209145
2022-03-01,Meerut,2022,3,7,6.666666666666667,1.0,0.009235209235209145
2022-04-01,Meerut,2022,4,7,6.666666666666667,0.0,0.009235209235209145
2022-05-01,Meerut,2022,5,7,7.0,0.0,0.009235209235209145
2022-06-01,Meerut,2022,6,11,8.333333333333334,4.0,0.009235209235209145
2022-07-01,Meerut,2022,7,3,7.0,-8.0,0.009235209235209145
2022-08-01,Meerut,2022,8,5,6.333333333333333,2.0,0.009235209235209145
2022-09-01,Meerut,2022,9,8,5.333333333333333,3.0,0.009235209235209145
2022-10-01,Meerut,2022,10,9,7.333333333333333,1.0,0.009235209235209145
2022-11-01,Meerut,2022,11,13,10.0,4.0,0.009235209235209145
2022-12-01,Meerut,2022,12,3,8.333333333333334,-10.0,0.009235209235209145
2023-01-01,Meerut,2023,1,12,9.333333333333334,9.0,0.009235209235209145
2023-02-01,Meerut,2023,2,6,7.0,-6.0,0.009235209235209145
2023-03-01,Meerut,2023,3,2,6.666666666666667,-4.0,0.009235209235209145
2023-04-01,Meerut,2023,4,7,5.0,5.0,0.009235209235209145
2023-05-01,Meerut,2023,5,9,6.0,2.0,0.009235209235209145
2023-06-01,Meerut,2023,6,11,9.0,2.0,0.009235209235209145
2023-07-01,Meerut,2023,7,10,10.0,-1.0,0.009235209235209145
2023-08-01,Meerut,2023,8,4,8.333333333333334,-6.0,0.009235209235209145
2023-09-01,Meerut,2023,9,8,7.333333333333333,4.0,0.009235209235209145
2023-10-01,Meerut,2023,10,8,6.666666666666667,0.0,0.009235209235209145
2023-11-01,Meerut,2023,11,4,6.666666666666667,-4.0,0.009235209235209145
2023-12-01,Meerut,2023,12,7,6.333333333333333,3.0,0.009235209235209145
2024-01-01,Meerut,2024,1,6,5.666666666666667,-1.0,0.009235209235209145
2024-02-01,Meerut,2024,2,11,8.0,5.0,0.009235209235209145
2024-03-01,Meerut,2024,3,10,9.0,-1.0,0.009235209235209145
2024-04-01,Meerut,2024,4,8,9.666666666666666,-2.0,0.009235209235209145
2024-05-01,Meerut,2024,5,15,11.0,7.0,0.009235209235209145
2024-06-01,Meerut,2024,6,5,9.333333333333334,-10.0,0.009235209235209145
2024-07-01,Meerut,2024,7,4,8.0,-1.0,0.009235209235209145
2020-01-01,Mumbai,2020,1,78,,,0.10295815295815201
2020-02-01,Mumbai,2020,2,86,,8.0,0.10295815295815201
2020-03-01,Mumbai,2020,3,84,82.66666666666667,-2.0,0.10295815295815201
2020-04-01,Mumbai,2020,4,83,84.33333333333333,-1.0,0.10295815295815201
2020-05-01,Mumbai,2020,5,75,80.66666666666667,-8.0,0.10295815295815201
2020-06-01,Mumbai,2020,6,68,75.33333333333333,-7.0,0.10295815295815201
2020-07-01,Mumbai,2020,7,75,72.66666666666667,7.0,0.10295815295815201
2020-08-01,Mumbai,2020,8,88,77.0,13.0,0.10295815295815201
2020-09-01,Mumbai,2020,9,70,77.66666666666667,-18.0,0.10295815295815201
2020-10-01,Mumbai,2020,10,82,80.0,12.0,0.10295815295815201
2020-11-01,Mumbai,2020,11,77,76.33333333333333,-5.0,0.10295815295815201
2020-12-01,Mumbai,2020,12,71,76.66666666666667,-6.0,0.10295815295815201
2021-01-01,Mumbai,2021,1,69,72.33333333333333,-2.0,0.10295815295815201
2021-02-01,Mumbai,2021,2,76,72.0,7.0,0.10295815295815201
2021-03-01,Mumbai,2021,3,70,71.66666666666667,-6.0,0.10295815295815201
2021-04-01,Mumbai,2021,4,74,73.33333333333333,4.0,0.10295815295815201
2021-05-01,Mumbai,2021,5,79,74.33333333333333,5.0,0.10295815295815201
2021-06-01,Mumbai,2021,6,80,77.66666666666667,1.0,0.10295815295815201
2021-07-01,Mumbai,2021,7,100,86.33333333333333,20.0,0.10295815295815201
2021-08-01,Mumbai,2021,8,85,88.33333333333333,-15.0,0.10295815295815201
2021-09-01,Mumbai,2021,9,71,85.33333333333333,-14.0,0.10295815295815201
2021-10-01,Mumbai,2021,10,84,80.0,13.0,0.10295815295815201
2021-11-01,Mumbai,2021,11,66,73.66666666666667,-18.0,0.10295815295815201
2021-12-01,Mumbai,2021,12,86,78.66666666666667,20.0,0.10295815295815201
2022-01-01,Mumbai,2022,1,84,78.66666666666667,-2.0,0.10295815295815201
2022-02-01,Mumbai,2022,2,69,79.66666666666667,-15.0,0.10295815295815201
2022-03-01,Mumbai,2022,3,86,79.66666666666667,17.0,0.10295815295815201
2022-04-01,Mumbai,2022,4,88,81.0,2.0,0.10295815295815201
2022-05-01,Mumbai,2022,5,77,83.66666666666667,-11.0,0.10295815295815201
2022-06-01,Mumbai,2022,6,77,80.66666666666667,0.0,0.10295815295815201
2022-07-01,Mumbai,2022,7,92,82.0,15.0,0.10295815295815201
2022-08-01,Mumbai,2022,8,68,79.0,-24.0,0.10295815295815201
2022-09-01,Mumbai,2022,9,92,84.0,24.0,0.10295815295815201
2022-10-01,Mumbai,2022,10,86,82.0,-6.0,0.10295815295815201
2022-11-01,Mumbai,2022,11,71,83.0,-15.0,0.10295815295815201
2022-12-01,Mumbai,2022,12,75,77.33333333333333,4.0,0.10295815295815201
2023-01-01,Mumbai,2023,1,76,74.0,1.0,0.10295815295815201
2023-02-01,Mumbai,2023,2,70,73.66666666666667,-6.0,0.10295815295815201
2023-03-01,Mumbai,2023,3,96,80.66666666666667,26.0,0.10295815295815201
2023-04-01,Mumbai,2023,4,88,84.66666666666667,-8.0,0.10295815295815201
2023-05-01,Mumbai,2023,5,81,88.33333333333333,-7.0,0.10295815295815201
2023-06-01,Mumbai,2023,6,90,86.33333333333333,9.0,0.10295815295815201
2023-07-01,Mumbai,2023,7,86,85.66666666666667,-4.0,0.10295815295815201
2023-08-01,Mumbai,2023,8,96,90.66666666666667,10.0,0.10295815295815201
2023-09-01,Mumbai,2023,9,78,86.66666666666667,-18.0,0.10295815295815201
2023-10-01,Mumbai,2023,10,88,87.33333333333333,10.0,0.10295815295815201
2023-11-01,Mumbai,2023,11,81,82.33333333333333,-7.0,0.10295815295815201
2023-12-01,Mumbai,2023,12,99,89.33333333333333,18.0,0.10295815295815201
2024-01-01,Mumbai,2024,1,93,91.0,-6.0,0.10295815295815201
2024-02-01,Mumbai,2024,2,68,86.66666666666667,-25.0,0.10295815295815201
2024-03-01,Mumbai,2024,3,74,78.33333333333333,6.0,0.10295815295815201
2024-04-01,Mumbai,2024,4,73,71.66666666666667,-1.0,0.10295815295815201
2024-05-01,Mumbai,2024,5,75,74.0,2.0,0.10295815295815201
2024-06-01,Mumbai,2024,6,76,74.66666666666667,1.0,0.10295815295815201
2024-07-01,Mumbai,2024,7,85,78.66666666666667,9.0,0.10295815295815201
2020-01-01,Nagpur,2020,1,22,,,0.03369408369408357
2020-02-01,Nagpur,2020,2,17,,-5.0,0.03369408369408357
2020-03-01,Nagpur,2020,3,14,17.666666666666668,-3.0,0.03369408369408357
2020-04-01,Nagpur,2020,4,17,16.0,3.0,0.03369408369408357
2020-05-01,Nagpur,2020,5,13,14.666666666666666,-4.0,0.03369408369408357
2020-06-01,Nagpur,2020,6,11,13.666666666666666,-2.0,0.03369408369408357
2020-07-01,Nagpur,2020,7,13,12.333333333333334,2.0,0.03369408369408357
2020-08-01,Nagpur,2020,8,17,13.666666666666666,4.0,0.03369408369408357
2020-09-01,Nagpur,2020,9,19,16.333333333333332,2.0,0.03369408369408357
2020-10-01,Nagpur,2020,10,19,18.333333333333332,0.0,0.03369408369408357
2020-11-01,Nagpur,2020,11,17,18.333333333333332,-2.0,0.03369408369408357
2020-12-01,Nagpur,2020,12,25,20.333333333333332,8.0,0.03369408369408357
2021-01-01,Nagpur,2021,1,20,20.666666666666668,-5.0,0.03369408369408357
2021-02-01,Nagpur,2021,2,16,20.333333333333332,-4.0,0.03369408369408357
2021-03-01,Nagpur,2021,3,15,17.0,-1.0,0.03369408369408357
2021-04-01,Nagpur,2021,4,9,13.333333333333334,-6.0,0.03369408369408357
2021-05-01,Nagpur,2021,5,23,15.666666666666666,14.0,0.03369408369408357
2021-06-01,Nagpur,2021,6,19,17.0,-4.0,0.03369408369408357
2021-07-01,Nagpur,2021,7,24,22.0,5.0,0.03369408369408357
2021-08-01,Nagpur,2021,8,19,20.666666666666668,-5.0,0.03369408369408357
2021-09-01,Nagpur,2021,9,20,21.0,1.0,0.03369408369408357
2021-10-01,Nagpur,2021,10,29,22.666666666666668,9.0,0.03369408369408357
2021-11-01,Nagpur,2021,11,22,23.666666666666668,-7.0,0.03369408369408357
2021-12-01,Nagpur,2021,12,22,24.333333333333332,0.0,0.03369408369408357
2022-01-01,Nagpur,2022,1,23,22.333333333333332,1.0,0.03369408369408357
2022-02-01,Nagpur,2022,2,20,21.666666666666668,-3.0,0.03369408369408357
2022-03-01,Nagpur,2022,3,19,20.666666666666668,-1.0,0.03369408369408357
2022-04-01,Nagpur,2022,4,31,23.333333333333332,12.0,0.03369408369408357
2022-05-01,Nagpur,2022,5,18,22.666666666666668,-13.0,0.03369408369408357
2022-06-01,Nagpur,2022,6,18,22.333333333333332,0.0,0.03369408369408357
2022-07-01,Nagpur,2022,7,25,20.333333333333332,7.0,0.03369408369408357
2022-08-01,Nagpur,2022,8,24,22.333333333333332,-1.0,0.03369408369408357
2022-09-01,Nagpur,2022,9,21,23.333333333333332,-3.0,0.03369408369408357
2022-10-01,Nagpur,2022,10,16,20.333333333333332,-5.0,0.03369408369408357
2022-11-01,Nagpur,2022,11,19,18.666666666666668,3.0,0.03369408369408357
2022-12-01,Nagpur,2022,12,16,17.0,-3.0,0.03369408369408357
2023-01-01,Nagpur,2023,1,19,18.0,3.0,0.03369408369408357
2023-02-01,Nagpur,2023,2,21,18.666666666666668,2.0,0.03369408369408357
2023-03-01,Nagpur,2023,3,23,21.0,2.0,0.03369408369408357
2023-04-01,Nagpur,2023,4,14,19.333333333333332,-9.0,0.03369408369408357
2023-05-01,Nagpur,2023,5,21,19.333333333333332,7.0,0.03369408369408357
2023-06-01,Nagpur,2023,6,20,18.333333333333332,-1.0,0.03369408369408357
2023-07-01,Nagpur,2023,7,18,19.666666666666668,-2.0,0.03369408369408357
2023-08-01,Nagpur,2023,8,20,19.333333333333332,2.0,0.03369408369408357
2023-09-01,Nagpur,2023,9,18,18.666666666666668,-2.0,0.03369408369408357
2023-10-01,Nagpur,2023,10,28,22.0,10.0,0.03369408369408357
2023-11-01,Nagpur,2023,11,16,20.666666666666668,-12.0,0.03369408369408357
2023-12-01,Nagpur,2023,12,18,20.666666666666668,2.0,0.03369408369408357
2024-01-01,Nagpur,2024,1,19,17.666666666666668,1.0,0.03369408369408357
2024-02-01,Nagpur,2024,2,21,19.333333333333332,2.0,0.03369408369408357
2024-03-01,Nagpur,2024,3,14,18.0,-7.0,0.03369408369408357
2024-04-01,Nagpur,2024,4,22,19.0,8.0,0.03369408369408357
2024-05-01,Nagpur,2024,5,17,17.666666666666668,-5.0,0.03369408369408357
2024-06-01,Nagpur,2024,6,21,20.0,4.0,0.03369408369408357
2024-07-01,Nagpur,2024,7,11,16.333333333333332,-10.0,0.03369408369408357
2020-01-01,Nashik,2020,1,6,,,0.01038961038961032
2020-02-01,Nashik,2020,2,6,,0.0,0.01038961038961032
2020-03-01,Nashik,2020,3,10,7.333333333333333,4.0,0.01038961038961032
2020-04-01,Nashik,2020,4,5,7.0,-5.0,0.01038961038961032
2020-05-01,Nashik,2020,5,5,6.666666666666667,0.0,0.01038961038961032
2020-06-01,Nashik,2020,6,6,5.333333333333333,1.0,0.01038961038961032
2020-07-01,Nashik,2020,7,7,6.0,1.0,0.01038961038961032
2020-08-01,Nashik,2020,8,4,5.666666666666667,-3.0,0.01038961038961032
2020-09-01,Nashik,2020,9,5,5.333333333333333,1.0,0.01038961038961032
2020-10-01,Nashik,2020,10,9,6.0,4.0,0.01038961038961032
2020-11-01,Nashik,2020,11,6,6.666666666666667,-3.0,0.01038961038961032
2020-12-01,Nashik,2020,12,6,7.0,0.0,0.01038961038961032
2021-01-01,Nashik,2021,1,8,6.666666666666667,2.0,0.01038961038961032
2021-02-01,Nashik,2021,2,6,6.666666666666667,-2.0,0.01038961038961032
2021-03-01,Nashik,2021,3,5,6.333333333333333,-1.0,0.01038961038961032
2021-04-01,Nashik,2021,4,4,5.0,-1.0,0.01038961038961032
2021-05-01,Nashik,2021,5,10,6.333333333333333,6.0,0.01038961038961032
2021-06-01,Nashik,2021,6,4,6.0,-6.0,0.01038961038961032
2021-07-01,Nashik,2021,7,7,7.0,3.0,0.01038961038961032
2021-08-01,Nashik,2021,8,6,5.666666666666667,-1.0,0.01038961038961032
2021-09-01,Nashik,2021,9,6,6.333333333333333,0.0,0.01038961038961032
2021-10-01,Nashik,2021,10,8,6.666666666666667,2.0,0.01038961038961032
2021-11-01,Nashik,2021,11,5,6.333333333333333,-3.0,0.01038961038961032
2021-12-01,Nashik,2021,12,5,6.0,0.0,0.01038961038961032
2022-01-01,Nashik,2022,1,9,6.333333333333333,4.0,0.01038961038961032
2022-02-01,Nashik,2022,2,8,7.333333333333333,-1.0,0.01038961038961032
2022-03-01,Nashik,2022,3,5,7.333333333333333,-3.0,0.01038961038961032
2022-04-01,Nashik,2022,4,9,7.333333333333333,4.0,0.01038961038961032
2022-05-01,Nashik,2022,5,5,6.333333333333333,-4.0,0.01038961038961032
2022-06-01,Nashik,2022,6,5,6.333333333333333,0.0,0.01038961038961032
2022-07-01,Nashik,2022,7,6,5.333333333333333,1.0,0.01038961038961032
2022-08-01,Nashik,2022,8,10,7.0,4.0,0.01038961038961032
2022-09-01,Nashik,2022,9,7,7.666666666666667,-3.0,0.01038961038961032
2022-10-01,Nashik,2022,10,6,7.666666666666667,-1.0,0.01038961038961032
2022-11-01,Nashik,2022,11,9,7.333333333333333,3.0,0.01038961038961032
2022-12-01,Nashik,2022,12,12,9.0,3.0,0.01038961038961032
2023-01-01,Nashik,2023,1,7,9.333333333333334,-5.0,0.01038961038961032
2023-02-01,Nashik,2023,2,11,10.0,4.0,0.01038961038961032
2023-03-01,Nashik,2023,3,5,7.666666666666667,-6.0,0.01038961038961032
2023-04-01,Nashik,2023,4,8,8.0,3.0,0.01038961038961032
2023-05-01,Nashik,2023,5,9,7.333333333333333,1.0,0.01038961038961032
2023-06-01,Nashik,2023,6,5,7.333333333333333,-4.0,0.01038961038961032
2023-07-01,Nashik,2023,7,4,6.0,-1.0,0.01038961038961032
2023-08-01,Nashik,2023,8,5,4.666666666666667,1.0,0.01038961038961032
2023-09-01,Nashik,2023,9,8,5.666666666666667,3.0,0.01038961038961032
2023-10-01,Nashik,2023,10,8,7.0,0.0,0.01038961038961032
2023-11-01,Nashik,2023,11,6,7.333333333333333,-2.0,0.01038961038961032
2023-12-01,Nashik,2023,12,3,5.666666666666667,-3.0,0.01038961038961032
2024-01-01,Nashik,2024,1,10,6.333333333333333,7.0,0.01038961038961032
2024-02-01,Nashik,2024,2,8,7.0,-2.0,0.01038961038961032
2024-03-01,Nashik,2024,3,5,7.666666666666667,-3.0,0.01038961038961032
2024-04-01,Nashik,2024,4,6,6.333333333333333,1.0,0.01038961038961032
2024-05-01,Nashik,2024,5,5,5.333333333333333,-1.0,0.01038961038961032
2024-06-01,Nashik,2024,6,7,6.0,2.0,0.01038961038961032
2024-07-01,Nashik,2024,7,6,6.0,-1.0,0.01038961038961032
2020-01-01,Patna,2020,1,11,,,0.020129870129870057
2020-02-01,Patna,2020,2,15,,4.0,0.020129870129870057
2020-03-01,Patna,2020,3,7,11.0,-8.0,0.020129870129870057
2020-04-01,Patna,2020,4,10,10.666666666666666,3.0,0.020129870129870057
2020-05-01,Patna,2020,5,15,10.666666666666666,5.0,0.020129870129870057
2020-06-01,Patna,2020,6,14,13.0,-1.0,0.020129870129870057
2020-07-01,Patna,2020,7,16,15.0,2.0,0.020129870129870057
2020-08-01,Patna,2020,8,10,13.333333333333334,-6.0,0.020129870129870057
2020-09-01,Patna,2020,9,9,11.666666666666666,-1.0,0.020129870129870057
2020-10-01,Patna,2020,10,13,10.666666666666666,4.0,0.020129870129870057
2020-11-01,Patna,2020,11,10,10.666666666666666,-3.0,0.020129870129870057
2020-12-01,Patna,2020,12,21,14.666666666666666,11.0,0.020129870129870057
2021-01-01,Patna,2021,1,13,14.666666666666666,-8.0,0.020129870129870057
2021-02-01,Patna,2021,2,10,14.666666666666666,-3.0,0.020129870129870057
2021-03-01,Patna,2021,3,12,11.666666666666666,2.0,0.020129870129870057
2021-04-01,Patna,2021,4,16,12.666666666666666,4.0,0.020129870129870057
2021-05-01,Patna,2021,5,9,12.333333333333334,-7.0,0.020129870129870057
2021-06-01,Patna,2021,6,12,12.333333333333334,3.0,0.020129870129870057
2021-07-01,Patna,2021,7,12,11.0,0.0,0.020129870129870057
2021-08-01,Patna,2021,8,16,13.333333333333334,4.0,0.020129870129870057
2021-09-01,Patna,2021,9,18,15.333333333333334,2.0,0.020129870129870057
2021-10-01,Patna,2021,10,13,15.666666666666666,-5.0,0.020129870129870057
2021-11-01,Patna,2021,11,11,14.0,-2.0,0.020129870129870057
2021-12-01,Patna,2021,12,13,12.333333333333334,2.0,0.020129870129870057
2022-01-01,Patna,2022,1,9,11.0,-4.0,0.020129870129870057
2022-02-01,Patna,2022,2,13,11.666666666666666,4.0,0.020129870129870057
2022-03-01,Patna,2022,3,13,11.666666666666666,0.0,0.020129870129870057
2022-04-01,Patna,2022,4,15,13.666666666666666,2.0,0.020129870129870057
2022-05-01,Patna,2022,5,15,14.333333333333334,0.0,0.020129870129870057
2022-06-01,Patna,2022,6,11,13.666666666666666,-4.0,0.020129870129870057
2022-07-01,Patna,2022,7,9,11.666666666666666,-2.0,0.020129870129870057
2022-08-01,Patna,2022,8,10,10.0,1.0,0.020129870129870057
2022-09-01,Patna,2022,9,8,9.0,-2.0,0.020129870129870057
2022-10-01,Patna,2022,10,14,10.666666666666666,6.0,0.020129870129870057
2022-11-01,Patna,2022,11,20,14.0,6.0,0.020129870129870057
2022-12-01,Patna,2022,12,11,15.0,-9.0,0.020129870129870057
2023-01-01,Patna,2023,1,9,13.333333333333334,-2.0,0.020129870129870057
2023-02-01,Patna,2023,2,13,11.0,4.0,0.020129870129870057
2023-03-01,Patna,2023,3,11,11.0,-2.0,0.020129870129870057
2023-04-01,Patna,2023,4,10,11.333333333333334,-1.0,0.020129870129870057
2023-05-01,Patna,2023,5,6,9.0,-4.0,0.020129870129870057
2023-06-01,Patna,2023,6,9,8.333333333333334,3.0,0.020129870129870057
2023-07-01,Patna,2023,7,14,9.666666666666666,5.0,0.020129870129870057
2023-08-01,Patna,2023,8,15,12.666666666666666,1.0,0.020129870129870057
2023-09-01,Patna,2023,9,7,12.0,-8.0,0.020129870129870057
2023-10-01,Patna,2023,10,14,12.0,7.0,0.020129870129870057
2023-11-01,Patna,2023,11,14,11.666666666666666,0.0,0.020129870129870057
2023-12-01,Patna,2023,12,10,12.666666666666666,-4.0,0.020129870129870057
2024-01-01,Patna,2024,1,17,13.666666666666666,7.0,0.020129870129870057
2024-02-01,Patna,2024,2,10,12.333333333333334,-7.0,0.020129870129870057
2024-03-01,Patna,2024,3,24,17.0,14.0,0.020129870129870057
2024-04-01,Patna,2024,4,16,16.666666666666668,-8.0,0.020129870129870057
2024-05-01,Patna,2024,5,20,20.0,4.0,0.020129870129870057
2024-06-01,Patna,2024,6,10,15.333333333333334,-10.0,0.020129870129870057
2024-07-01,Patna,2024,7,12,14.0,2.0,0.020129870129870057
2020-01-01,Pune,2020,1,45,,,0.04047619047618993
2020-02-01,Pune,2020,2,44,,-1.0,0.04047619047618993
2020-03-01,Pune,2020,3,46,45.0,2.0,0.04047619047618993
2020-04-01,Pune,2020,4,48,46.0,2.0,0.04047619047618993
2020-05-01,Pune,2020,5,38,44.0,-10.0,0.04047619047618993
2020-06-01,Pune,2020,6,44,43.333333333333336,6.0,0.04047619047618993
2020-07-01,Pune,2020,7,35,39.0,-9.0,0.04047619047618993
2020-08-01,Pune,2020,8,41,40.0,6.0,0.04047619047618993
2020-09-01,Pune,2020,9,38,38.0,-3.0,0.04047619047618993
2020-10-01,Pune,2020,10,30,36.333333333333336,-8.0,0.04047619047618993
2020-11-01,Pune,2020,11,36,34.666666666666664,6.0,0.04047619047618993
2020-12-01,Pune,2020,12,34,33.333333333333336,-2.0,0.04047619047618993
2021-01-01,Pune,2021,1,44,38.0,10.0,0.04047619047618993
2021-02-01,Pune,2021,2,29,35.666666666666664,-15.0,0.04047619047618993
2021-03-01,Pune,2021,3,33,35.333333333333336,4.0,0.04047619047618993
2021-04-01,Pune,2021,4,45,35.666666666666664,12.0,0.04047619047618993
2021-05-01,Pune,2021,5,44,40.666666666666664,-1.0,0.04047619047618993
2021-06-01,Pune,2021,6,32,40.333333333333336,-12.0,0.04047619047618993
2021-07-01,Pune,2021,7,43,39.666666666666664,11.0,0.04047619047618993
2021-08-01,Pune,2021,8,44,39.666666666666664,1.0,0.04047619047618993
2021-09-01,Pune,2021,9,32,39.666666666666664,-12.0,0.04047619047618993
2021-10-01,Pune,2021,10,37,37.666666666666664,5.0,0.04047619047618993
2021-11-01,Pune,2021,11,44,37.666666666666664,7.0,0.04047619047618993
2021-12-01,Pune,2021,12,45,42.0,1.0,0.04047619047618993
2022-01-01,Pune,2022,1,43,44.0,-2.0,0.04047619047618993
2022-02-01,Pune,2022,2,39,42.333333333333336,-4.0,0.04047619047618993
2022-03-01,Pune,2022,3,35,39.0,-4.0,0.04047619047618993
2022-04-01,Pune,2022,4,36,36.666666666666664,1.0,0.04047619047618993
2022-05-01,Pune,2022,5,45,38.666666666666664,9.0,0.04047619047618993
2022-06-01,Pune,2022,6,45,42.0,0.0,0.04047619047618993
2022-07-01,Pune,2022,7,37,42.333333333333336,-8.0,0.04047619047618993
2022-08-01,Pune,2022,8,43,41.666666666666664,6.0,0.04047619047618993
2022-09-01,Pune,2022,9,44,41.333333333333336,1.0,0.04047619047618993
2022-10-01,Pune,2022,10,34,40.333333333333336,-10.0,0.04047619047618993
2022-11-01,Pune,2022,11,34,37.333333333333336,0.0,0.04047619047618993
2022-12-01,Pune,2022,12,34,34.0,0.0,0.04047619047618993
2023-01-01,Pune,2023,1,54,40.666666666666664,20.0,0.04047619047618993
2023-02-01,Pune,2023,2,36,41.333333333333336,-18.0,0.04047619047618993
2023-03-01,Pune,2023,3,36,42.0,0.0,0.04047619047618993
2023-04-01,Pune,2023,4,38,36.666666666666664,2.0,0.04047619047618993
2023-05-01,Pune,2023,5,43,39.0,5.0,0.04047619047618993
2023-06-01,Pune,2023,6,38,39.666666666666664,-5.0,0.04047619047618993
2023-07-01,Pune,2023,7,39,40.0,1.0,0.04047619047618993
2023-08-01,Pune,2023,8,35,37.333333333333336,-4.0,0.04047619047618993
2023-09-01,Pune,2023,9,38,37.333333333333336,3.0,0.04047619047618993
2023-10-01,Pune,2023,10,40,37.666666666666664,2.0,0.04047619047618993
2023-11-01,Pune,2023,11,40,39.333333333333336,0.0,0.04047619047618993
2023-12-01,Pune,2023,12,50,43.333333333333336,10.0,0.04047619047618993
2024-01-01,Pune,2024,1,42,44.0,-8.0,0.04047619047618993
2024-02-01,Pune,2024,2,53,48.333333333333336,11.0,0.04047619047618993
2024-03-01,Pune,2024,3,44,46.333333333333336,-9.0,0.04047619047618993
2024-04-01,Pune,2024,4,34,43.666666666666664,-10.0,0.04047619047618993
2024-05-01,Pune,2024,5,50,42.666666666666664,16.0,0.04047619047618993
2024-06-01,Pune,2024,6,49,44.333333333333336,-1.0,0.04047619047618993
2024-07-01,Pune,2024,7,33,44.0,-16.0,0.04047619047618993
2020-01-01,Rajkot,2020,1,4,,,0.032900432900432874
2020-02-01,Rajkot,2020,2,4,,0.0,0.032900432900432874
2020-03-01,Rajkot,2020,3,2,3.3333333333333335,-2.0,0.032900432900432874
2020-04-01,Rajkot,2020,4,8,4.666666666666667,6.0,0.032900432900432874
2020-05-01,Rajkot,2020,5,7,5.666666666666667,-1.0,0.032900432900432874
2020-06-01,Rajkot,2020,6,4,6.333333333333333,-3.0,0.032900432900432874
2020-07-01,Rajkot,2020,7,5,5.333333333333333,1.0,0.032900432900432874
2020-08-01,Rajkot,2020,8,3,4.0,-2.0,0.032900432900432874
2020-09-01,Rajkot,2020,9,5,4.333333333333333,2.0,0.032900432900432874
2020-10-01,Rajkot,2020,10,9,5.666666666666667,4.0,0.032900432900432874
2020-11-01,Rajkot,2020,11,6,6.666666666666667,-3.0,0.032900432900432874
2020-12-01,Rajkot,2020,12,7,7.333333333333333,1.0,0.032900432900432874
2021-01-01,Rajkot,2021,1,7,6.666666666666667,0.0,0.032900432900432874
2021-02-01,Rajkot,2021,2,7,7.0,0.0,0.032900432900432874
2021-03-01,Rajkot,2021,3,3,5.666666666666667,-4.0,0.032900432900432874
2021-04-01,Rajkot,2021,4,4,4.666666666666667,1.0,0.032900432900432874
2021-05-01,Rajkot,2021,5,7,4.666666666666667,3.0,0.032900432900432874
2021-06-01,Rajkot,2021,6,4,5.0,-3.0,0.032900432900432874
2021-07-01,Rajkot,2021,7,6,5.666666666666667,2.0,0.032900432900432874
2021-08-01,Rajkot,2021,8,2,4.0,-4.0,0.032900432900432874
2021-09-01,Rajkot,2021,9,4,4.0,2.0,0.032900432900432874
2021-10-01,Rajkot,2021,10,7,4.333333333333333,3.0,0.032900432900432874
2021-11-01,Rajkot,2021,11,9,6.666666666666667,2.0,0.032900432900432874
2021-12-01,Rajkot,2021,12,3,6.333333333333333,-6.0,0.032900432900432874
2022-01-01,Rajkot,2022,1,10,7.333333333333333,7.0,0.032900432900432874
2022-02-01,Rajkot,2022,2,5,6.0,-5.0,0.032900432900432874
2022-03-01,Rajkot,2022,3,4,6.333333333333333,-1.0,0.032900432900432874
2022-04-01,Rajkot,2022,4,7,5.333333333333333,3.0,0.032900432900432874
2022-05-01,Rajkot,2022,5,4,5.0,-3.0,0.032900432900432874
2022-06-01,Rajkot,2022,6,5,5.333333333333333,1.0,0.032900432900432874
2022-07-01,Rajkot,2022,7,6,5.0,1.0,0.032900432900432874
2022-08-01,Rajkot,2022,8,6,5.666666666666667,0.0,0.032900432900432874
2022-09-01,Rajkot,2022,9,5,5.666666666666667,-1.0,0.032900432900432874
2022-10-01,Rajkot,2022,10,6,5.666666666666667,1.0,0.032900432900432874
2022-11-01,Rajkot,2022,11,6,5.666666666666667,0.0,0.032900432900432874
2022-12-01,Rajkot,2022,12,7,6.333333333333333,1.0,0.032900432900432874
2023-01-01,Rajkot,2023,1,3,5.333333333333333,-4.0,0.032900432900432874
2023-02-01,Rajkot,2023,2,5,5.0,2.0,0.032900432900432874
2023-03-01,Rajkot,2023,3,8,5.333333333333333,3.0,0.032900432900432874
2023-04-01,Rajkot,2023,4,4,5.666666666666667,-4.0,0.032900432900432874
2023-05-01,Rajkot,2023,5,10,7.333333333333333,6.0,0.032900432900432874
2023-06-01,Rajkot,2023,6,4,6.0,-6.0,0.032900432900432874
2023-07-01,Rajkot,2023,7,7,7.0,3.0,0.032900432900432874
2023-08-01,Rajkot,2023,8,6,5.666666666666667,-1.0,0.032900432900432874
2023-09-01,Rajkot,2023,9,10,7.666666666666667,4.0,0.032900432900432874
2023-10-01,Rajkot,2023,10,7,7.666666666666667,-3.0,0.032900432900432874
2023-11-01,Rajkot,2023,11,6,7.666666666666667,-1.0,0.032900432900432874
2023-12-01,Rajkot,2023,12,5,6.0,-1.0,0.032900432900432874
2024-01-01,Rajkot,2024,1,9,6.666666666666667,4.0,0.032900432900432874
2024-02-01,Rajkot,2024,2,5,6.333333333333333,-4.0,0.032900432900432874
2024-03-01,Rajkot,2024,3,7,7.0,2.0,0.032900432900432874
2024-04-01,Rajkot,2024,4,4,5.333333333333333,-3.0,0.032900432900432874
2024-05-01,Rajkot,2024,5,12,7.666666666666667,8.0,0.032900432900432874
2024-06-01,Rajkot,2024,6,8,8.0,-4.0,0.032900432900432874
2024-07-01,Rajkot,2024,7,2,7.333333333333333,-6.0,0.032900432900432874
2020-01-01,Srinagar,2020,1,8,,,-0.0069264069264070825
2020-02-01,Srinagar,2020,2,4,,-4.0,-0.0069264069264070825
2020-03-01,Srinagar,2020,3,6,6.0,2.0,-0.0069264069264070825
2020-04-01,Srinagar,2020,4,6,5.333333333333333,0.0,-0.0069264069264070825
2020-05-01,Srinagar,2020,5,16,9.333333333333334,10.0,-0.0069264069264070825
2020-06-01,Srinagar,2020,6,7,9.666666666666666,-9.0,-0.0069264069264070825
2020-07-01,Srinagar,2020,7,7,10.0,0.0,-0.0069264069264070825
2020-08-01,Srinagar,2020,8,6,6.666666666666667,-1.0,-0.0069264069264070825
2020-09-01,Srinagar,2020,9,8,7.0,2.0,-0.0069264069264070825
2020-10-01,Srinagar,2020,10,5,6.333333333333333,-3.0,-0.0069264069264070825
2020-11-01,Srinagar,2020,11,10,7.666666666666667,5.0,-0.0069264069264070825
2020-12-01,Srinagar,2020,12,5,6.666666666666667,-5.0,-0.0069264069264070825
2021-01-01,Srinagar,2021,1,6,7.0,1.0,-0.0069264069264070825
2021-02-01,Srinagar,2021,2,4,5.0,-2.0,-0.0069264069264070825
2021-03-01,Srinagar,2021,3,8,6.0,4.0,-0.0069264069264070825
2021-04-01,Srinagar,2021,4,8,6.666666666666667,0.0,-0.0069264069264070825
2021-05-01,Srinagar,2021,5,10,8.666666666666666,2.0,-0.0069264069264070825
2021-06-01,Srinagar,2021,6,10,9.333333333333334,0.0,-0.0069264069264070825
2021-07-01,Srinagar,2021,7,3,7.666666666666667,-7.0,-0.0069264069264070825
2021-08-01,Srinagar,2021,8,6,6.333333333333333,3.0,-0.0069264069264070825
2021-09-01,Srinagar,2021,9,3,4.0,-3.0,-0.0069264069264070825
2021-10-01,Srinagar,2021,10,6,5.0,3.0,-0.0069264069264070825
2021-11-01,Srinagar,2021,11,5,4.666666666666667,-1.0,-0.0069264069264070825
2021-12-01,Srinagar,2021,12,7,6.0,2.0,-0.0069264069264070825
2022-01-01,Srinagar,2022,1,8,6.666666666666667,1.0,-0.0069264069264070825
2022-02-01,Srinagar,2022,2,3,6.0,-5.0,-0.0069264069264070825
2022-03-01,Srinagar,2022,3,6,5.666666666666667,3.0,-0.0069264069264070825
2022-04-01,Srinagar,2022,4,4,4.333333333333333,-2.0,-0.0069264069264070825
2022-05-01,Srinagar,2022,5,6,5.333333333333333,2.0,-0.0069264069264070825
2022-06-01,Srinagar,2022,6,7,5.666666666666667,1.0,-0.0069264069264070825
2022-07-01,Srinagar,2022,7,9,7.333333333333333,2.0,-0.0069264069264070825
2022-08-01,Srinagar,2022,8,9,8.333333333333334,0.0,-0.0069264069264070825
2022-09-01,Srinagar,2022,9,7,8.333333333333334,-2.0,-0.0069264069264070825
2022-10-01,Srinagar,2022,10,9,8.333333333333334,2.0,-0.0069264069264070825
2022-11-01,Srinagar,2022,11,7,7.666666666666667,-2.0,-0.0069264069264070825
2022-12-01,Srinagar,2022,12,8,8.0,1.0,-0.0069264069264070825
2023-01-01,Srinagar,2023,1,2,5.666666666666667,-6.0,-0.0069264069264070825
2023-02-01,Srinagar,2023,2,7,5.666666666666667,5.0,-0.0069264069264070825
2023-03-01,Srinagar,2023,3,8,5.666666666666667,1.0,-0.0069264069264070825
2023-04-01,Srinagar,2023,4,7,7.333333333333333,-1.0,-0.0069264069264070825
2023-05-01,Srinagar,2023,5,10,8.333333333333334,3.0,-0.0069264069264070825
2023-06-01,Srinagar,2023,6,4,7.0,-6.0,-0.0069264069264070825
2023-07-01,Srinagar,2023,7,3,5.666666666666667,-1.0,-0.0069264069264070825
2023-08-01,Srinagar,2023,8,6,4.333333333333333,3.0,-0.0069264069264070825
2023-09-01,Srinagar,2023,9,5,4.666666666666667,-1.0,-0.0069264069264070825
2023-10-01,Srinagar,2023,10,10,7.0,5.0,-0.0069264069264070825
2023-11-01,Srinagar,2023,11,11,8.666666666666666,1.0,-0.0069264069264070825
2023-12-01,Srinagar,2023,12,5,8.666666666666666,-6.0,-0.0069264069264070825
2024-01-01,Srinagar,2024,1,4,6.666666666666667,-1.0,-0.0069264069264070825
2024-02-01,Srinagar,2024,2,3,4.0,-1.0,-0.0069264069264070825
2024-03-01,Srinagar,2024,3,6,4.333333333333333,3.0,-0.0069264069264070825
2024-04-01,Srinagar,2024,4,9,6.0,3.0,-0.0069264069264070825
2024-05-01,Srinagar,2024,5,7,7.333333333333333,-2.0,-0.0069264069264070825
2024-06-01,Srinagar,2024,6,8,8.0,1.0,-0.0069264069264070825
2024-07-01,Srinagar,2024,7,9,8.0,1.0,-0.0069264069264070825
2020-01-01,Surat,2020,1,22,,,0.016738816738816522
2020-02-01,Surat,2020,2,23,,1.0,0.016738816738816522
2020-03-01,Surat,2020,3,19,21.333333333333332,-4.0,0.016738816738816522
2020-04-01,Surat,2020,4,16,19.333333333333332,-3.0,0.016738816738816522
2020-05-01,Surat,2020,5,25,20.0,9.0,0.016738816738816522
2020-06-01,Surat,2020,6,17,19.333333333333332,-8.0,0.016738816738816522
2020-07-01,Surat,2020,7,23,21.666666666666668,6.0,0.016738816738816522
2020-08-01,Surat,2020,8,18,19.333333333333332,-5.0,0.016738816738816522
2020-09-01,Surat,2020,9,22,21.0,4.0,0.016738816738816522
2020-10-01,Surat,2020,10,17,19.0,-5.0,0.016738816738816522
2020-11-01,Surat,2020,11,22,20.333333333333332,5.0,0.016738816738816522
2020-12-01,Surat,2020,12,22,20.333333333333332,0.0,0.016738816738816522
2021-01-01,Surat,2021,1,24,22.666666666666668,2.0,0.016738816738816522
2021-02-01,Surat,2021,2,21,22.333333333333332,-3.0,0.016738816738816522
2021-03-01,Surat,2021,3,15,20.0,-6.0,0.016738816738816522
2021-04-01,Surat,2021,4,22,19.333333333333332,7.0,0.016738816738816522
2021-05-01,Surat,2021,5,27,21.333333333333332,5.0,0.016738816738816522
2021-06-01,Surat,2021,6,14,21.0,-13.0,0.016738816738816522
2021-07-01,Surat,2021,7,24,21.666666666666668,10.0,0.016738816738816522
2021-08-01,Surat,2021,8,14,17.333333333333332,-10.0,0.016738816738816522
2021-09-01,Surat,2021,9,15,17.666666666666668,1.0,0.016738816738816522
2021-10-01,Surat,2021,10,20,16.333333333333332,5.0,0.016738816738816522
2021-11-01,Surat,2021,11,17,17.333333333333332,-3.0,0.016738816738816522
2021-12-01,Surat,2021,12,14,17.0,-3.0,0.016738816738816522
2022-01-01,Surat,2022,1,20,17.0,6.0,0.016738816738816522
2022-02-01,Surat,2022,2,17,17.0,-3.0,0.016738816738816522
2022-03-01,Surat,2022,3,23,20.0,6.0,0.016738816738816522
2022-04-01,Surat,2022,4,22,20.666666666666668,-1.0,0.016738816738816522
2022-05-01,Surat,2022,5,17,20.666666666666668,-5.0,0.016738816738816522
2022-06-01,Surat,2022,6,14,17.666666666666668,-3.0,0.016738816738816522
2022-07-01,Surat,2022,7,20,17.0,6.0,0.016738816738816522
2022-08-01,Surat,2022,8,18,17.333333333333332,-2.0,0.016738816738816522
2022-09-01,Surat,2022,9,22,20.0,4.0,0.016738816738816522
2022-10-01,Surat,2022,10,21,20.333333333333332,-1.0,0.016738816738816522
2022-11-01,Surat,2022,11,20,21.0,-1.0,0.016738816738816522
2022-12-01,Surat,2022,12,25,22.0,5.0,0.016738816738816522
2023-01-01,Surat,2023,1,26,23.666666666666668,1.0,0.016738816738816522
2023-02-01,Surat,2023,2,25,25.333333333333332,-1.0,0.016738816738816522
2023-03-01,Surat,2023,3,17,22.666666666666668,-8.0,0.016738816738816522
2023-04-01,Surat,2023,4,18,20.0,1.0,0.016738816738816522
2023-05-01,Surat,2023,5,21,18.666666666666668,3.0,0.016738816738816522
2023-06-01,Surat,2023,6,17,18.666666666666668,-4.0,0.016738816738816522
2023-07-01,Surat,2023,7,28,22.0,11.0,0.016738816738816522
2023-08-01,Surat,2023,8,23,22.666666666666668,-5.0,0.016738816738816522
2023-09-01,Surat,2023,9,20,23.666666666666668,-3.0,0.016738816738816522
2023-10-01,Surat,2023,10,17,20.0,-3.0,0.016738816738816522
2023-11-01,Surat,2023,11,20,19.0,3.0,0.016738816738816522
2023-12-01,Surat,2023,12,22,19.666666666666668,2.0,0.016738816738816522
2024-01-01,Surat,2024,1,19,20.333333333333332,-3.0,0.016738816738816522
2024-02-01,Surat,2024,2,25,22.0,6.0,0.016738816738816522
2024-03-01,Surat,2024,3,16,20.0,-9.0,0.016738816738816522
2024-04-01,Surat,2024,4,24,21.666666666666668,8.0,0.016738816738816522
2024-05-01,Surat,2024,5,17,19.0,-7.0,0.016738816738816522
2024-06-01,Surat,2024,6,25,22.0,8.0,0.016738816738816522
2024-07-01,Surat,2024,7,19,20.333333333333332,-6.0,0.016738816738816522
2020-01-01,Thane,2020,1,11,,,-0.020707070707070986
2020-02-01,Thane,2020,2,12,,1.0,-0.020707070707070986
2020-03-01,Thane,2020,3,11,11.333333333333334,-1.0,-0.020707070707070986
2020-04-01,Thane,2020,4,20,14.333333333333334,9.0,-0.020707070707070986
2020-05-01,Thane,2020,5,9,13.333333333333334,-11.0,-0.020707070707070986
2020-06-01,Thane,2020,6,11,13.333333333333334,2.0,-0.020707070707070986
2020-07-01,Thane,2020,7,22,14.0,11.0,-0.020707070707070986
2020-08-01,Thane,2020,8,16,16.333333333333332,-6.0,-0.020707070707070986
2020-09-01,Thane,2020,9,13,17.0,-3.0,-0.020707070707070986
2020-10-01,Thane,2020,10,14,14.333333333333334,1.0,-0.020707070707070986
2020-11-01,Thane,2020,11,11,12.666666666666666,-3.0,-0.020707070707070986
2020-12-01,Thane,2020,12,18,14.333333333333334,7.0,-0.020707070707070986
2021-01-01,Thane,2021,1,19,16.0,1.0,-0.020707070707070986
2021-02-01,Thane,2021,2,7,14.666666666666666,-12.0,-0.020707070707070986
2021-03-01,Thane,2021,3,15,13.666666666666666,8.0,-0.020707070707070986
2021-04-01,Thane,2021,4,11,11.0,-4.0,-0.020707070707070986
2021-05-01,Thane,2021,5,16,14.0,5.0,-0.020707070707070986
2021-06-01,Thane,2021,6,12,13.0,-4.0,-0.020707070707070986
2021-07-01,Thane,2021,7,10,12.666666666666666,-2.0,-0.020707070707070986
2021-08-01,Thane,2021,8,15,12.333333333333334,5.0,-0.020707070707070986
2021-09-01,Thane,2021,9,7,10.666666666666666,-8.0,-0.020707070707070986
2021-10-01,Thane,2021,10,11,11.0,4.0,-0.020707070707070986
2021-11-01,Thane,2021,11,14,10.666666666666666,3.0,-0.020707070707070986
2021-12-01,Thane,2021,12,14,13.0,0.0,-0.020707070707070986
2022-01-01,Thane,2022,1,9,12.333333333333334,-5.0,-0.020707070707070986
2022-02-01,Thane,2022,2,10,11.0,1.0,-0.020707070707070986
2022-03-01,Thane,2022,3,14,11.0,4.0,-0.020707070707070986
2022-04-01,Thane,2022,4,10,11.333333333333334,-4.0,-0.020707070707070986
2022-05-01,Thane,2022,5,13,12.333333333333334,3.0,-0.020707070707070986
2022-06-01,Thane,2022,6,13,12.0,0.0,-0.020707070707070986
2022-07-01,Thane,2022,7,9,11.666666666666666,-4.0,-0.020707070707070986
2022-08-01,Thane,2022,8,17,13.0,8.0,-0.020707070707070986
2022-09-01,Thane,2022,9,14,13.333333333333334,-3.0,-0.020707070707070986
2022-10-01,Thane,2022,10,9,13.333333333333334,-5.0,-0.020707070707070986
2022-11-01,Thane,2022,11,12,11.666666666666666,3.0,-0.020707070707070986
2022-12-01,Thane,2022,12,16,12.333333333333334,4.0,-0.020707070707070986
2023-01-01,Thane,2023,1,17,15.0,1.0,-0.020707070707070986
2023-02-01,Thane,2023,2,10,14.333333333333334,-7.0,-0.020707070707070986
2023-03-01,Thane,2023,3,13,13.333333333333334,3.0,-0.020707070707070986
2023-04-01,Thane,2023,4,10,11.0,-3.0,-0.020707070707070986
2023-05-01,Thane,2023,5,14,12.333333333333334,4.0,-0.020707070707070986
2023-06-01,Thane,2023,6,16,13.333333333333334,2.0,-0.020707070707070986
2023-07-01,Thane,2023,7,14,14.666666666666666,-2.0,-0.020707070707070986
2023-08-01,Thane,2023,8,12,14.0,-2.0,-0.020707070707070986
2023-09-01,Thane,2023,9,15,13.666666666666666,3.0,-0.020707070707070986
2023-10-01,Thane,2023,10,14,13.666666666666666,-1.0,-0.020707070707070986
2023-11-01,Thane,2023,11,10,13.0,-4.0,-0.020707070707070986
2023-12-01,Thane,2023,12,9,11.0,-1.0,-0.020707070707070986
2024-01-01,Thane,2024,1,2,7.0,-7.0,-0.020707070707070986
2024-02-01,Thane,2024,2,15,8.666666666666666,13.0,-0.020707070707070986
2024-03-01,Thane,2024,3,12,9.666666666666666,-3.0,-0.020707070707070986
2024-04-01,Thane,2024,4,15,14.0,3.0,-0.020707070707070986
2024-05-01,Thane,2024,5,13,13.333333333333334,-2.0,-0.020707070707070986
2024-06-01,Thane,2024,6,14,14.0,1.0,-0.020707070707070986
2024-07-01,Thane,2024,7,16,14.333333333333334,2.0,-0.020707070707070986
2020-01-01,Varanasi,2020,1,5,,,-0.024098124098124125
2020-02-01,Varanasi,2020,2,2,,-3.0,-0.024098124098124125
2020-03-01,Varanasi,2020,3,8,5.0,6.0,-0.024098124098124125
2020-04-01,Varanasi,2020,4,6,5.333333333333333,-2.0,-0.024098124098124125
2020-05-01,Varanasi,2020,5,8,7.333333333333333,2.0,-0.024098124098124125
2020-06-01,Varanasi,2020,6,8,7.333333333333333,0.0,-0.024098124098124125
2020-07-01,Varanasi,2020,7,13,9.666666666666666,5.0,-0.024098124098124125
2020-08-01,Varanasi,2020,8,13,11.333333333333334,0.0,-0.024098124098124125
2020-09-01,Varanasi,2020,9,5,10.333333333333334,-8.0,-0.024098124098124125
2020-10-01,Varanasi,2020,10,7,8.333333333333334,2.0,-0.024098124098124125
2020-11-01,Varanasi,2020,11,4,5.333333333333333,-3.0,-0.024098124098124125
2020-12-01,Varanasi,2020,12,7,6.0,3.0,-0.024098124098124125
2021-01-01,Varanasi,2021,1,4,5.0,-3.0,-0.024098124098124125
2021-02-01,Varanasi,2021,2,9,6.666666666666667,5.0,-0.024098124098124125
2021-03-01,Varanasi,2021,3,8,7.0,-1.0,-0.024098124098124125
2021-04-01,Varanasi,2021,4,2,6.333333333333333,-6.0,-0.024098124098124125
2021-05-01,Varanasi,2021,5,6,5.333333333333333,4.0,-0.024098124098124125
2021-06-01,Varanasi,2021,6,8,5.333333333333333,2.0,-0.024098124098124125
2021-07-01,Varanasi,2021,7,4,6.0,-4.0,-0.024098124098124125
2021-08-01,Varanasi,2021,8,5,5.666666666666667,1.0,-0.024098124098124125
2021-09-01,Varanasi,2021,9,9,6.0,4.0,-0.024098124098124125
2021-10-01,Varanasi,2021,10,9,7.666666666666667,0.0,-0.024098124098124125
2021-11-01,Varanasi,2021,11,4,7.333333333333333,-5.0,-0.024098124098124125
2021-12-01,Varanasi,2021,12,6,6.333333333333333,2.0,-0.024098124098124125
2022-01-01,Varanasi,2022,1,7,5.666666666666667,1.0,-0.024098124098124125
2022-02-01,Varanasi,2022,2,4,5.666666666666667,-3.0,-0.024098124098124125
2022-03-01,Varanasi,2022,3,13,8.0,9.0,-0.024098124098124125
2022-04-01,Varanasi,2022,4,10,9.0,-3.0,-0.024098124098124125
2022-05-01,Varanasi,2022,5,5,9.333333333333334,-5.0,-0.024098124098124125
2022-06-01,Varanasi,2022,6,5,6.666666666666667,0.0,-0.024098124098124125
2022-07-01,Varanasi,2022,7,10,6.666666666666667,5.0,-0.024098124098124125
2022-08-01,Varanasi,2022,8,4,6.333333333333333,-6.0,-0.024098124098124125
2022-09-01,Varanasi,2022,9,12,8.666666666666666,8.0,-0.024098124098124125
2022-10-01,Varanasi,2022,10,7,7.666666666666667,-5.0,-0.024098124098124125
2022-11-01,Varanasi,2022,11,5,8.0,-2.0,-0.024098124098124125
2022-12-01,Varanasi,2022,12,4,5.333333333333333,-1.0,-0.024098124098124125
2023-01-01,Varanasi,2023,1,8,5.666666666666667,4.0,-0.024098124098124125
2023-02-01,Varanasi,2023,2,8,6.666666666666667,0.0,-0.024098124098124125
2023-03-01,Varanasi,2023,3,3,6.333333333333333,-5.0,-0.024098124098124125
2023-04-01,Varanasi,2023,4,5,5.333333333333333,2.0,-0.024098124098124125
2023-05-01,Varanasi,2023,5,2,3.3333333333333335,-3.0,-0.024098124098124125
2023-06-01,Varanasi,2023,6,8,5.0,6.0,-0.024098124098124125
2023-07-01,Varanasi,2023,7,6,5.333333333333333,-2.0,-0.024098124098124125
2023-08-01,Varanasi,2023,8,5,6.333333333333333,-1.0,-0.024098124098124125
2023-09-01,Varanasi,2023,9,4,5.0,-1.0,-0.024098124098124125
2023-10-01,Varanasi,2023,10,4,4.333333333333333,0.0,-0.024098124098124125
2023-11-01,Varanasi,2023,11,6,4.666666666666667,2.0,-0.024098124098124125
2023-12-01,Varanasi,2023,12,5,5.0,-1.0,-0.024098124098124125
2024-01-01,Varanasi,2024,1,5,5.333333333333333,0.0,-0.024098124098124125
2024-02-01,Varanasi,2024,2,3,4.333333333333333,-2.0,-0.024098124098124125
2024-03-01,Varanasi,2024,3,10,6.0,7.0,-0.024098124098124125
2024-04-01,Varanasi,2024,4,4,5.666666666666667,-6.0,-0.024098124098124125
2024-05-01,Varanasi,2024,5,9,7.666666666666667,5.0,-0.024098124098124125
2024-06-01,Varanasi,2024,6,7,6.666666666666667,-2.0,-0.024098124098124125
2024-07-01,Varanasi,2024,7,7,7.666666666666667,0.0,-0.024098124098124125
2020-01-01,Vasai,2020,1,4,,,-0.0009379509379510063
2020-02-01,Vasai,2020,2,5,,1.0,-0.0009379509379510063
2020-03-01,Vasai,2020,3,6,5.0,1.0,-0.0009379509379510063
2020-04-01,Vasai,2020,4,4,5.0,-2.0,-0.0009379509379510063
2020-05-01,Vasai,2020,5,6,5.333333333333333,2.0,-0.0009379509379510063
2020-06-01,Vasai,2020,6,7,5.666666666666667,1.0,-0.0009379509379510063
2020-07-01,Vasai,2020,7,5,6.0,-2.0,-0.0009379509379510063
2020-08-01,Vasai,2020,8,6,6.0,1.0,-0.0009379509379510063
2020-09-01,Vasai,2020,9,6,5.666666666666667,0.0,-0.0009379509379510063
2020-10-01,Vasai,2020,10,8,6.666666666666667,2.0,-0.0009379509379510063
2020-11-01,Vasai,2020,11,7,7.0,-1.0,-0.0009379509379510063
2020-12-01,Vasai,2020,12,12,9.0,5.0,-0.0009379509379510063
2021-01-01,Vasai,2021,1,3,7.333333333333333,-9.0,-0.0009379509379510063
2021-02-01,Vasai,2021,2,7,7.333333333333333,4.0,-0.0009379509379510063
2021-03-01,Vasai,2021,3,6,5.333333333333333,-1.0,-0.0009379509379510063
2021-04-01,Vasai,2021,4,7,6.666666666666667,1.0,-0.0009379509379510063
2021-05-01,Vasai,2021,5,11,8.0,4.0,-0.0009379509379510063
2021-06-01,Vasai,2021,6,8,8.666666666666666,-3.0,-0.0009379509379510063
2021-07-01,Vasai,2021,7,7,8.666666666666666,-1.0,-0.0009379509379510063
2021-08-01,Vasai,2021,8,7,7.333333333333333,0.0,-0.0009379509379510063
2021-09-01,Vasai,2021,9,7,7.0,0.0,-0.0009379509379510063
2021-10-01,Vasai,2021,10,3,5.666666666666667,-4.0,-0.0009379509379510063
2021-11-01,Vasai,2021,11,9,6.333333333333333,6.0,-0.0009379509379510063
2021-12-01,Vasai,2021,12,6,6.0,-3.0,-0.0009379509379510063
2022-01-01,Vasai,2022,1,14,9.666666666666666,8.0,-0.0009379509379510063
2022-02-01,Vasai,2022,2,4,8.0,-10.0,-0.0009379509379510063
2022-03-01,Vasai,2022,3,4,7.333333333333333,0.0,-0.0009379509379510063
2022-04-01,Vasai,2022,4,6,4.666666666666667,2.0,-0.0009379509379510063
2022-05-01,Vasai,2022,5,7,5.666666666666667,1.0,-0.0009379509379510063
2022-06-01,Vasai,2022,6,4,5.666666666666667,-3.0,-0.0009379509379510063
2022-07-01,Vasai,2022,7,10,7.0,6.0,-0.0009379509379510063
2022-08-01,Vasai,2022,8,6,6.666666666666667,-4.0,-0.0009379509379510063
2022-09-01,Vasai,2022,9,9,8.333333333333334,3.0,-0.0009379509379510063
2022-10-01,Vasai,2022,10,8,7.666666666666667,-1.0,-0.0009379509379510063
2022-11-01,Vasai,2022,11,7,8.0,-1.0,-0.0009379509379510063
2022-12-01,Vasai,2022,12,5,6.666666666666667,-2.0,-0.0009379509379510063
2023-01-01,Vasai,2023,1,1,4.333333333333333,-4.0,-0.0009379509379510063
2023-02-01,Vasai,2023,2,6,4.0,5.0,-0.0009379509379510063
2023-03-01,Vasai,2023,3,13,6.666666666666667,7.0,-0.0009379509379510063
2023-04-01,Vasai,2023,4,10,9.666666666666666,-3.0,-0.0009379509379510063
2023-05-01,Vasai,2023,5,11,11.333333333333334,1.0,-0.0009379509379510063
2023-06-01,Vasai,2023,6,6,9.0,-5.0,-0.0009379509379510063
2023-07-01,Vasai,2023,7,3,6.666666666666667,-3.0,-0.0009379509379510063
2023-08-01,Vasai,2023,8,8,5.666666666666667,5.0,-0.0009379509379510063
2023-09-01,Vasai,2023,9,8,6.333333333333333,0.0,-0.0009379509379510063
2023-10-01,Vasai,2023,10,7,7.666666666666667,-1.0,-0.0009379509379510063
2023-11-01,Vasai,2023,11,4,6.333333333333333,-3.0,-0.0009379509379510063
2023-12-01,Vasai,2023,12,9,6.666666666666667,5.0,-0.0009379509379510063
2024-01-01,Vasai,2024,1,5,6.0,-4.0,-0.0009379509379510063
2024-02-01,Vasai,2024,2,1,5.0,-4.0,-0.0009379509379510063
2024-03-01,Vasai,2024,3,2,2.6666666666666665,1.0,-0.0009379509379510063
2024-04-01,Vasai,2024,4,3,2.0,1.0,-0.0009379509379510063
2024-05-01,Vasai,2024,5,8,4.333333333333333,5.0,-0.0009379509379510063
2024-06-01,Vasai,2024,6,6,5.666666666666667,-2.0,-0.0009379509379510063
2024-07-01,Vasai,2024,7,10,8.0,4.0,-0.0009379509379510063
2020-01-01,Visakhapatnam,2020,1,14,,,0.012914862914862728
2020-02-01,Visakhapatnam,2020,2,8,,-6.0,0.012914862914862728
2020-03-01,Visakhapatnam,2020,3,14,12.0,6.0,0.012914862914862728
2020-04-01,Visakhapatnam,2020,4,7,9.666666666666666,-7.0,0.012914862914862728
2020-05-01,Visakhapatnam,2020,5,18,13.0,11.0,0.012914862914862728
2020-06-01,Visakhapatnam,2020,6,21,15.333333333333334,3.0,0.012914862914862728
2020-07-01,Visakhapatnam,2020,7,14,17.666666666666668,-7.0,0.012914862914862728
2020-08-01,Visakhapatnam,2020,8,12,15.666666666666666,-2.0,0.012914862914862728
2020-09-01,Visakhapatnam,2020,9,14,13.333333333333334,2.0,0.012914862914862728
2020-10-01,Visakhapatnam,2020,10,16,14.0,2.0,0.012914862914862728
2020-11-01,Visakhapatnam,2020,11,15,15.0,-1.0,0.012914862914862728
2020-12-01,Visakhapatnam,2020,12,14,15.0,-1.0,0.012914862914862728
2021-01-01,Visakhapatnam,2021,1,16,15.0,2.0,0.012914862914862728
2021-02-01,Visakhapatnam,2021,2,15,15.0,-1.0,0.012914862914862728
2021-03-01,Visakhapatnam,2021,3,14,15.0,-1.0,0.012914862914862728
2021-04-01,Visakhapatnam,2021,4,15,14.666666666666666,1.0,0.012914862914862728
2021-05-01,Visakhapatnam,2021,5,11,13.333333333333334,-4.0,0.012914862914862728
2021-06-01,Visakhapatnam,2021,6,9,11.666666666666666,-2.0,0.012914862914862728
2021-07-01,Visakhapatnam,2021,7,11,10.333333333333334,2.0,0.012914862914862728
2021-08-01,Visakhapatnam,2021,8,11,10.333333333333334,0.0,0.012914862914862728
2021-09-01,Visakhapatnam,2021,9,11,11.0,0.0,0.012914862914862728
2021-10-01,Visakhapatnam,2021,10,11,11.0,0.0,0.012914862914862728
2021-11-01,Visakhapatnam,2021,11,12,11.333333333333334,1.0,0.012914862914862728
2021-12-01,Visakhapatnam,2021,12,15,12.666666666666666,3.0,0.012914862914862728
2022-01-01,Visakhapatnam,2022,1,18,15.0,3.0,0.012914862914862728
2022-02-01,Visakhapatnam,2022,2,11,14.666666666666666,-7.0,0.012914862914862728
2022-03-01,Visakhapatnam,2022,3,11,13.333333333333334,0.0,0.012914862914862728
2022-04-01,Visakhapatnam,2022,4,12,11.333333333333334,1.0,0.012914862914862728
2022-05-01,Visakhapatnam,2022,5,14,12.333333333333334,2.0,0.012914862914862728
2022-06-01,Visakhapatnam,2022,6,12,12.666666666666666,-2.0,0.012914862914862728
2022-07-01,Visakhapatnam,2022,7,5,10.333333333333334,-7.0,0.012914862914862728
2022-08-01,Visakhapatnam,2022,8,17,11.333333333333334,12.0,0.012914862914862728
2022-09-01,Visakhapatnam,2022,9,10,10.666666666666666,-7.0,0.012914862914862728
2022-10-01,Visakhapatnam,2022,10,8,11.666666666666666,-2.0,0.012914862914862728
2022-11-01,Visakhapatnam,2022,11,19,12.333333333333334,11.0,0.012914862914862728
2022-12-01,Visakhapatnam,2022,12,16,14.333333333333334,-3.0,0.012914862914862728
2023-01-01,Visakhapatnam,2023,1,19,18.0,3.0,0.012914862914862728
2023-02-01,Visakhapatnam,2023,2,11,15.333333333333334,-8.0,0.012914862914862728
2023-03-01,Visakhapatnam,2023,3,8,12.666666666666666,-3.0,0.012914862914862728
2023-04-01,Visakhapatnam,2023,4,10,9.666666666666666,2.0,0.012914862914862728
2023-05-01,Visakhapatnam,2023,5,12,10.0,2.0,0.012914862914862728
2023-06-01,Visakhapatnam,2023,6,10,10.666666666666666,-2.0,0.012914862914862728
2023-07-01,Visakhapatnam,2023,7,9,10.333333333333334,-1.0,0.012914862914862728
2023-08-01,Visakhapatnam,2023,8,15,11.333333333333334,6.0,0.012914862914862728
2023-09-01,Visakhapatnam,2023,9,14,12.666666666666666,-1.0,0.012914862914862728
2023-10-01,Visakhapatnam,2023,10,15,14.666666666666666,1.0,0.012914862914862728
2023-11-01,Visakhapatnam,2023,11,8,12.333333333333334,-7.0,0.012914862914862728
2023-12-01,Visakhapatnam,2023,12,16,13.0,8.0,0.012914862914862728
2024-01-01,Visakhapatnam,2024,1,14,12.666666666666666,-2.0,0.012914862914862728
2024-02-01,Visakhapatnam,2024,2,12,14.0,-2.0,0.012914862914862728
2024-03-01,Visakhapatnam,2024,3,18,14.666666666666666,6.0,0.012914862914862728
2024-04-01,Visakhapatnam,2024,4,10,13.333333333333334,-8.0,0.012914862914862728
2024-05-01,Visakhapatnam,2024,5,21,16.333333333333332,11.0,0.012914862914862728
2024-06-01,Visakhapatnam,2024,6,16,15.666666666666666,-5.0,0.012914862914862728
2024-07-01,Visakhapatnam,2024,7,19,18.666666666666668,3.0,0.012914862914862728
